x1,x2,x3,x4,x5,x6,y
-0.8986540309068884,-0.8774449101332119,0.6343467642808528,-0.9792280235378109,0.47946740007836386,0.4069027274458844,-1.0376673092947493
-1.0,-0.7769750305172322,-0.7711847118986772,-0.47537017964333605,-0.011137462047633218,-1.0,5.138327660412297
-0.5922824788912027,-0.6851091642767774,-0.3408281960790426,-0.18678999690333586,1.0,-0.636582462004033,2.4636684793069588
1.0,0.5080745513692928,0.35082926396866654,1.0,1.0,-0.20105087498744464,-2.2012110146825403
-0.8419412207744705,-1.0,-0.7557297625343105,0.3497430997670068,0.5402686468248663,-0.31298547063743837,-1.5732633192647305
0.32028457967788193,1.0,1.0,1.0,-0.7799258010267819,0.6064488356336517,-2.207161033864746
0.35382718267057633,0.8196889793376687,-1.0,-0.7760947812370698,-0.012683825297729878,-0.8417737846163229,-0.21712446264763652
-0.5098347964733874,0.6041390048916924,-1.0,-0.2487897966293714,0.36739349870137084,1.0,9.497653597849213
-1.0,-1.0,-0.7441746633791143,-0.1695443730431685,-1.0,-0.1366717248058213,-3.6070254803545554
-0.6836195139470533,-0.7741808170779004,0.993994532516297,0.8942174707093207,-0.23644265422863958,0.0008240068937796496,-1.0565018908692936
0.021938440590630437,-0.3782152618670233,-0.50452490969833,0.7113193953775411,-0.20423728609039574,0.5765518411585234,0.5724458062048858
-1.0,-1.0,-1.0,-0.5470981595770155,0.5835625174872208,1.0,1.5662150678723643
-0.18677955179352246,1.0,1.0,0.08631829892540555,-0.2476221186248908,-0.2081215492431675,-2.5366517044710952
-1.0,-0.3415500990538729,-0.7229917957320076,-0.22478417488765845,-0.9601993976405192,-1.0,-0.07170799102726833
-0.4347213335011203,-0.05547739943588814,0.5193656140380195,-0.9247324769658717,-1.0,-1.0,1.399239985670107
-0.5776797736645687,-1.0,-0.6557237215608283,-0.5451336500041379,-1.0,-1.0,2.4351736403305746
0.4429081080677282,-1.0,0.3524540515142863,-0.9207992432371754,-0.16195051393835147,0.5798734489916664,1.1196730560322976
0.21929396780665766,1.0,1.0,0.3340033540072605,1.0,1.0,-2.700179632308371
0.1697996394864354,-1.0,-1.0,0.8386248694445742,1.0,0.44925249397514544,-2.544611714879542
-0.7737441085408828,-1.0,1.0,-1.0,1.0,0.6031782016511954,-2.914808291459315
0.5647117885684105,-1.0,-0.9068607519435116,-1.0,-0.49631665946903814,-0.17011106090255157,1.1947817211019618
-1.0,-0.49641877991462835,-1.0,-0.11108249176483143,0.10363666652419323,-0.4985388237187238,0.1651994890632945
0.30943665534359976,0.5743911772548365,0.8349347679092494,1.0,0.06844120406945553,1.0,-2.1284127829922994
-0.9457122230248054,-1.0,-0.7664838876275746,-0.8088127389424429,-0.39269101211131685,-0.37048293698316526,-1.9686462291153202
0.426752934278007,-1.0,-0.2550882452427229,0.8254074569011366,-0.6333833247986268,0.4377445237404126,2.300249960642643
-1.0,-0.9921252898486866,-1.0,0.5234385487531708,0.135302498519836,0.8739262011409503,1.3387868024198555
0.6758450642184983,0.6523742289529644,1.0,-0.5872383577533509,0.4654478063715525,1.0,-1.4439878531657029
-0.04709587862775014,0.17111472055765964,0.0722829377017254,1.0,-0.04085998737643737,-0.7046866281106456,1.2027824358612254
0.5102292905346848,0.39143489000175113,-0.4303999298582796,-1.0,1.0,0.09994344240071956,1.0429874189371189
0.00815230169536374,0.1427607055549588,-0.05630208320044039,0.10349067161782055,-0.33010676044581216,-0.554659919026525,-0.29432226149872476
0.20940719121799262,1.0,0.7629253002116392,0.34281438629547445,0.17503297786143013,0.3890689302525422,-1.97783529075378
1.0,1.0,0.7887306931036862,0.613450546915711,-1.0,-0.9077919130862727,6.672972424146214
0.0658655266003762,-1.0,-1.0,-0.7398557866439784,-0.16993528428866722,-0.46101457053938644,-1.0185313405190506
0.061804599599942556,0.7430440735198971,1.0,0.2791499478197106,1.0,-1.0,-1.5104084217578457
-0.3697327697990719,1.0,-0.14770757712211086,1.0,-0.8845077331693256,0.1563935560132883,0.7271686267304132
0.1369459098915684,0.008135022617219434,0.5558831722464184,0.5226130098595456,0.6742551168995277,-0.5937644643755315,0.6645036821106288
-0.4995880908660348,-0.04337259453781106,0.4603737573864126,1.0,-0.2105447185523825,-0.9437563345122509,2.4880688161131457
-0.2672558488510379,-0.047014854276622525,0.47694245554677916,-0.20828933015475282,-1.0,-1.0,-0.2086927902394513
-0.45315671236603017,-0.9859879606333339,0.683998485219178,-0.9671894226976258,-0.7978136904407058,-0.33391162423958576,4.243423861044815
0.10508117586388538,-0.7370868814438061,0.11974871534143561,-0.3409210604779255,-1.0,-1.0,5.859580347185
0.25694727632641556,0.8287133638854935,0.22200389448272356,1.0,0.9655648752782771,-1.0,0.1850539053770161
0.06931812066023912,0.4529615246645198,1.0,1.0,-0.28820170796083,1.0,-2.5994999605755216
0.13967730773189158,0.9840195439094208,1.0,0.6886840708120461,-0.9913262491914742,-0.6550304163535704,-0.6900909511397758
-0.6460612859500534,-1.0,-0.8355237313488879,-0.992391453288659,0.3901910476889754,-0.8233019165912578,1.0799033999521541
0.7239861326475501,1.0,1.0,1.0,0.6076725897821845,1.0,-7.807068810239818
-0.10563028200980173,0.35978026757797715,1.0,-0.43655726287351504,-0.838518505608695,-1.0,-0.8204111922358748
-0.6016275305104741,-1.0,-1.0,-0.4168877105711948,-0.09655566332297805,0.9292309114156065,1.4992412979987675
-1.0,-0.328442129770248,-1.0,-1.0,-0.6618633205056876,-0.09927051577869406,-3.1206308445276143
0.7066921258599006,0.15509215902471807,0.5756423784763867,0.569140050508899,-0.13589535284336973,-1.0,4.224635032792496
-0.32127056026163014,-0.031537750534625264,-0.7446492818061139,-1.0,0.2979927220045985,1.0,4.58377877164353
0.9143405384299977,-0.6603090787540811,0.1811840375541344,-1.0,-0.4516150154945371,0.002546265996521191,2.3264044483042436
0.3607877641889571,-0.9663909899387899,-0.2872932417299825,-0.34655389582050217,-0.4682213907735462,-1.0,4.8442399568842145
0.14350875646520733,0.18653122552564105,-0.5262247099872639,0.5150618384893695,1.0,0.5781295230383219,1.56967377349507
1.0,1.0,0.4701371998399533,-1.0,1.0,1.0,3.9910453313747705
0.4723012098723218,1.0,1.0,1.0,0.5835200444103457,1.0,-6.460693092936623
-0.9828052978821314,-1.0,-1.0,-0.6327815470323699,0.020507187094228607,0.45864924662434825,-5.09662566008082
1.0,1.0,0.19077966047342,1.0,0.9384314893738962,1.0,-0.8291783058124367
0.39516971603691,0.8765733098513177,-0.8783814606430693,-1.0,0.5817654008413555,-0.2448264714212251,-1.068235433057835
0.10841307353718654,-0.286444630307099,0.8801249200437289,-1.0,0.27998019220348613,1.0,-2.723784506230354
0.013094338829084062,-0.07754104885507737,0.03622967606440597,1.0,0.7009957902384106,0.2953322948121464,0.3216692205978105
-1.0,1.0,-0.3062133599376062,-0.07340703134612725,-0.8699926865481611,0.29226386646379543,-0.600713417746155
0.17855808933988015,1.0,1.0,1.0,-0.23464736209732417,-0.2517609520063224,-2.195859163741999
1.0,1.0,0.817697197538637,1.0,-1.0,0.35841472673699587,3.55080837539482
0.4301520809900971,-1.0,-0.9886699782908582,-0.7889320272491749,-1.0,-0.20052746428527302,2.9592429801566547
-0.3256837894772433,-1.0,-1.0,-0.03904257632983432,-0.8650365330708107,-0.17148359114031222,-4.10117424805117
0.8873136441634217,0.23137702176838568,1.0,-0.9974574055171309,-1.0,-0.4191167724996625,4.743450244270288
1.0,-0.2775508278758836,0.8648965968825066,0.8037844959174776,0.5899368336395181,-0.44999725672020874,-1.4529394743855026
1.0,0.09930480401606978,0.6243786975527998,-0.24535532636118051,0.01575573894438831,-0.0036249644588888796,0.7671183512495919
0.2226503193344444,0.4663930559271655,-1.0,0.4664215593184933,1.0,-0.5473618112258978,-1.3012231803425538
-0.8040606345783126,-0.46991896778975306,-1.0,0.022378514484246104,-0.810546528034651,0.6464929622336993,0.06030440620411065
-0.5290350294602064,0.6107287106819493,0.8811484579503972,0.9306940423551614,1.0,0.2047161980568709,-2.0621935288351567
-0.10494931256636528,0.0671992322911994,0.03406595179013562,-0.5737038337038972,0.6001596362389967,0.695329106148312,1.7802362080480614
-0.4725836932136589,-1.0,-0.5666688148178277,-0.27518039968643865,1.0,1.0,4.24850016944171
0.2570350986598726,-0.25862581285455966,0.8686165818795952,0.589134325621968,-0.2462306302088999,0.7071872799648468,-0.4118189054641692
0.07399137960601726,0.04741260707807251,1.0,1.0,0.7679902853785554,1.0,-0.9551267836748464
-0.7075011382277804,-1.0,-1.0,-1.0,0.40918032484041006,0.922893924543337,-3.0428697177006345
1.0,1.0,1.0,0.09553881152574872,0.549776960229004,0.024751687290450644,-3.020883227513763
0.30935201982244304,0.5724772260144615,-0.32045858531579696,0.6435695229772382,-0.5953048976436985,0.43096710249969583,1.9377611512851733
0.01063098096773099,-0.8669427709136179,-1.0,-0.3170760486517009,0.6069336634954852,1.0,2.370883493044923
-1.0,-0.3633669612728403,-1.0,-1.0,-0.26698724775794824,-0.3396627134158436,-1.333896562163938
-0.4260056089207988,0.5636345143091834,-0.540403177230337,-0.8384649816334369,-1.0,-1.0,-1.3763335244378945
-0.18493156904819408,-0.06511897403070455,-1.0,-1.0,0.3096219036519632,0.910976969904167,4.798466903419875
0.33816134637058215,0.5049429088484951,0.13054092835878356,0.745810450472074,1.0,0.7816538059179363,1.7602434547663122
0.5965543041230099,0.9103228530566501,0.344687695620449,1.0,-0.6786175840800517,-0.5154678453657553,4.315268615436903
0.06472240142311081,-1.0,-1.0,0.5534563398314345,1.0,0.5085255546783016,-1.2770668740103532
-0.5644005637884303,-0.6208957275509313,-0.6264812144092202,-0.1960951887128615,-0.10838038630954205,1.0,3.6159622047189974
1.0,0.8517845583118604,0.6083637802431756,0.7869901274794939,1.0,0.53884183469767,-4.525742799265567
-1.0,-0.5441209110691245,-1.0,0.27562126929640146,-0.9861619386921611,0.3394041537756769,-3.2707244371937616
-0.5015606109854652,-0.26151380219938036,-0.6837067768547833,-0.7388516991220331,-0.5123180962267192,-0.9555229274307661,2.1728396704702733
0.02237365570815797,0.8926611474952506,1.0,0.8735008219251506,0.08396131671238294,1.0,-5.2802720660183375
-1.0,-1.0,0.22420069113699803,-0.06810543014765641,0.4298012882666362,1.0,1.2145581056004355
-1.0,-0.9839029350028474,-0.889643283072808,-1.0,1.0,0.04944940252865693,-5.6168409619290545
0.33196396860095434,-0.6969048977228829,-0.1257697368830688,0.7930871754280333,0.10344530517773265,-0.9458443897769895,2.748941743534915
-0.6493077081102256,-0.36119283732394125,-0.9999178685408789,-0.2572725989488524,1.0,1.0,7.42262331103871
1.0,0.7379638016840512,0.7072581219803817,-0.0830191192818614,1.0,0.4570985025600089,-3.4312454599116906
-1.0,-0.44885853526963815,0.5437695084978392,-1.0,-0.6242021882279656,-0.5908721109587063,0.21540698010621984
-1.0,-1.0,0.37913555886704486,-0.06616259519337286,-1.0,-0.10785892448168638,-1.0179762485459294
0.1501810871737556,0.44194918205228034,0.4412058564642648,0.1573204439108388,0.5927251307311667,1.0,2.1345560842570204
-1.0,-1.0,-1.0,-1.0,1.0,1.0,-1.470078598186958
-0.14070640308565463,0.3550688254794132,0.5241142389780336,-0.34351947163615476,1.0,0.7888857772417872,0.605465524573102
-1.0,-1.0,-1.0,0.31370135624603895,-0.16717376321716548,-0.07969323513868379,-4.13076656818588
-0.9128842399448753,-1.0,-0.9381255580000035,-1.0,-0.8144751838084048,-1.0,4.235284059624501
0.033185153010012014,-0.06543337017877571,1.0,-0.8587596609209149,0.25435369115282813,-0.6148458109819082,0.5562817027719897
1.0,1.0,1.0,-0.45250918660091205,1.0,1.0,-4.413409648902479
1.0,-0.2964682144727754,1.0,-0.649485900721984,-0.19100210289486919,-0.9912654809323415,4.763297212515512
1.0,1.0,1.0,0.26743460228227045,0.1340232576287916,0.5142318796151117,-4.252867942314632
-1.0,0.2545162814463613,-0.08219530168556033,-0.014584029238487062,-1.0,-0.8531232866727921,-3.1520777255282226
0.15070034886909767,0.46033890108562914,0.6007679625785367,-0.2039695523629248,0.5649829067903928,0.42879873662279366,-0.5530524883837253
0.011533670413982788,0.8555517055085118,0.7410250624080525,0.2624834070202606,-0.30722493672428386,0.19509025089057408,-1.0708392141198342
0.4594164957350281,1.0,1.0,0.18142660866076532,-0.020947429455916294,-0.07199160254615644,-1.949808277717533
-0.1552006106288876,0.24097021823033216,0.5019978692110388,1.0,-0.7946922902908483,-1.0,3.8432912179840306
0.9367365469664599,0.12939481102745498,1.0,0.05829849063330084,-0.9320011129783167,0.17270401665597068,2.7803176678026094
0.3732639013319704,-0.7945982824011288,0.6250301305424399,0.5558047098255263,-1.0,-1.0,6.086039099133853
-0.7805428531943316,-0.8054114776202574,-0.8582821816088902,-0.4755489613925707,0.7205801853828249,1.0,4.665623993314363
-0.08020183955783422,-0.6716387409386765,-0.08258785303842342,0.5242492663044611,-0.3693637141909074,-0.9837941368659957,3.4316119382904504
-0.17718397332538627,0.09416066448247595,-0.7124165110160336,-0.11133967393900324,-1.0,-0.7347092339304506,-1.0190122387702667
1.0,0.3569977816163973,1.0,0.11564098833635739,-0.60267054287148,-0.7652047165782205,4.901537412212003
0.013571655476290356,0.5985062088278785,0.4430913290736155,0.0573050631557081,-1.0,1.0,3.2067886761416613
1.0,-0.3496305058569811,-0.265719370349413,-0.060298956798659986,-1.0,-0.9458538866126528,6.89304684032209
1.0,0.1070580367454812,0.8040927474737418,1.0,-1.0,-0.939716072813666,8.148319345580953
0.6415166469635266,-0.4194871701393068,0.03309402238824377,-0.17258409739310387,0.6988760890417007,0.1251624168279838,-0.8205433473620234
-1.0,0.3808493263328568,-0.5502583192592796,0.1222544609062246,-0.7161621792263453,-0.460180962373928,-1.8859786523617599
-0.39886377098587866,-0.9047204177801438,-1.0,-0.022276973990199567,-0.9412116097058447,0.04440234114588176,-3.7615320859639283
-0.15952865483827924,-1.0,-0.7211321872552207,0.04589923090051018,-0.08030903923325106,-0.6218316246744111,-1.6013395068847454
-1.0,0.5173882596510638,0.07318379162667132,0.307007763324155,-1.0,0.3841575869142691,-1.2997227462312253
0.4612014636732485,-0.7678096063256118,0.4936769959665201,-0.1805411393364333,-0.015438564319291803,0.38791683352325323,0.6664057619408204
-1.0,-1.0,-0.5595462330223402,-0.6584182393302989,0.8523422568968926,0.6019532243013901,-0.9600858823692344
-1.0,-1.0,-0.9472147112902765,-0.7259023764546679,1.0,0.431715801372867,-4.579897536276714
-0.35907395108721113,0.15441342847635076,-0.7188724224056612,1.0,-0.352626738906318,-0.24892647337785484,-1.0182675092692453
0.14841731911430922,0.2939229560040688,-0.24517958247269056,-0.03404754814217997,-0.5803997716452164,-0.9356078511738587,0.9614782175471603
1.0,1.0,1.0,0.7812919107282852,-0.9159465725110506,-0.4347791211284309,4.121104282455831
-0.29439278129708063,-1.0,-0.10747488143800948,-0.3678775342475904,-0.6975913662820052,-1.0,3.852870370836646
-0.39367238495739554,-1.0,-0.880139538235225,-0.03876463892467236,-1.0,0.7904286997717177,-0.5866160663190301
-0.3047509030310197,-1.0,0.44510181756358635,0.35404669393644855,-1.0,-1.0,3.0594052872613777
0.7485146651825519,0.757722806567984,0.5257175501241137,-1.0,0.7246715562560716,-0.3077249186770781,-1.6642022314767757
0.4548018941551438,0.4480283262558465,0.04827169155869099,-1.0,-1.0,-0.08917855816357978,3.494316952460031
0.1552178572493485,-1.0,0.46394823567059207,-0.8364481611617628,0.4084972109907852,0.27708212161980916,0.2737398622246848
-0.935013430146332,-0.07958291349736757,1.0,-0.8166255630518433,1.0,0.40868532248519807,-1.0483135914136783
1.0,1.0,-0.15530782465361084,1.0,1.0,0.7113548968820359,-2.1003084315091627
1.0,-0.23288089774056447,0.7552431389184946,-0.4040282418749635,-0.746141309300651,0.8864155298080668,3.619774320228145
-0.34705381719133716,-0.739684883646141,0.697001228678169,-0.3214826425029729,1.0,0.36490549260700056,-0.16301402703709789
-0.6528435768877293,0.5265619379789093,1.0,0.3501176557394111,-0.358035108634551,-1.0,1.4164473340209707
0.6837015523206903,0.9008054464204278,0.11343354682144585,0.741753466805133,-1.0,0.34760851842438556,3.45842661457444
-0.1384781463983602,-0.32352354023119045,-0.31892919077559934,-0.07355489058329523,-1.0,-1.0,1.7410728854002298
0.6280351326086776,0.18151844753861135,0.05181483601640257,0.7125438549226979,-1.0,-0.5993647016674803,4.101228962316833
-1.0,-1.0,-0.18632035290530824,-0.9675699622669647,-1.0,-1.0,5.008039944037325
1.0,1.0,0.5292010353962322,0.19002102925306974,-0.19805778524231105,0.5035657276451855,-0.5231938432890983
-0.4039535717443997,0.5330679291972412,-0.35940707588142473,-0.19735206676306732,0.4968597609511408,-0.09207456834992964,0.938724969370142
-0.1068091227562405,0.3901981444603216,0.2922537641420389,-0.1839047623449227,1.0,1.0,4.218961617773014
-1.0,-0.586155593915783,-1.0,-0.9959952155666595,-0.695570924146265,-1.0,3.7694168437816993
0.8884719467796305,0.610033608757456,0.7950795265168589,0.3606588079288886,0.46752552135125847,0.8295394504469764,-1.8719603921436976
0.49842126672144493,1.0,0.08205535072452297,0.7189462973896587,-0.1025024769636616,0.5154851713210267,0.9846569184659199
1.0,1.0,0.9488703416895481,0.4388717152170012,-1.0,-1.0,4.778971483828407
-0.12046472565892152,0.0691658355031346,-0.5518214948242777,-0.2679359639069875,-1.0,-1.0,-0.31693319964991096
-1.0,-0.9542694583643111,-0.5132520599423394,-0.23829974515644425,1.0,0.8898651904242556,3.4964060766472564
0.2508445014684594,-1.0,-1.0,-0.7942923763521645,-1.0,-1.0,4.904950194265374
-0.15717771912903733,-1.0,-0.5542349835816882,0.427078745303336,-0.011350057883449227,0.5441531777394146,0.15472118380678823
1.0,0.07537768304523706,0.05196168004198687,1.0,-1.0,-0.1678878080589289,3.0915878348269485
0.06300625771764998,0.8965054895051797,-1.0,-0.04059805221491,-0.3539586646490314,-1.0,2.888120720831877
0.7293641096787429,0.3556013046840596,1.0,0.7044588806360437,0.9536355494234944,0.1812153848978938,-4.197535425609918
-0.21180901059480295,0.4744764152166122,-1.0,0.49655796450567846,1.0,0.2530622672913361,0.9619961150468017
0.722085489043842,0.7185305558611295,1.0,0.7418896411280633,-0.2729116225425391,0.15038034280508705,-0.6666563987046379
-0.3917142540725952,-0.6090814172045903,-0.6087772246267307,0.11441795170928748,-0.25763043957982534,-1.0,2.4712482682170505
-0.6901006810891344,-0.902433077526335,-0.40739481865048566,-0.3306654070678394,0.21629184603737062,-0.5314561100227124,0.04670310877206585
-1.0,0.2983895307086103,0.338988782103814,-0.7868238700403899,1.0,0.8716613615125182,5.633499689635268
-1.0,-0.43551622020746406,-1.0,-0.9689789825636761,0.8608836927913328,-0.6244452844506816,1.683418756636149
-0.9660866840428253,-0.3183842992460053,-0.5652427091786872,-0.20561582071472656,0.6743255382155819,1.0,4.926181541443545
1.0,1.0,1.0,0.7022892602716995,-0.37938431559016417,-0.6506901835709535,2.0226126204811763
-0.5457699448215494,-0.7965534320534495,-0.3821181453614262,-1.0,0.057665585437546796,-0.6265174701898317,1.1244507725919166
-1.0,1.0,-0.9107609386321996,-0.5767324282632478,0.8567903526560772,0.1519559114560025,3.732919353505852
-1.0,-0.2449814442629581,-0.8704551088601795,-1.0,-0.33299090884001553,-0.6159589260265801,0.824854366182307
-1.0,-1.0,-1.0,-1.0,-0.28955864821902555,-0.1530137217111408,-5.4803543053484365
1.0,-0.2402236281099081,-0.9290376605179966,-1.0,0.7599072822388717,0.35146604570730233,-3.254282815773223
-1.0,-0.4260810522894365,-1.0,-1.0,-1.0,0.9611656699470954,4.363112972537688
-0.5163707254975394,-0.17570987087897416,-1.0,-0.8591756421835597,0.11591605606255673,0.45496406305527626,0.2951090234917194
-0.7161439030943395,0.16249532125097232,-0.868191640301262,-1.0,0.11388248628595032,-0.6541918090302916,0.27170876108651043
-0.43511930954395095,-0.2303047398806222,1.0,0.32556104488832394,0.06922691740316278,-0.40289302995070386,1.3943484678742402
0.38045843197893436,-0.24437153382806798,0.8712421766656393,-0.0836315280236386,0.06177448980298195,-1.0,3.521837283297583
-1.0,-0.6527378434987852,-1.0,-0.06521415150985921,-0.7696482086370658,1.0,3.4328169602984917
0.2714569566388938,0.9808692235455445,1.0,-0.006128074372409031,1.0,0.5856881286432233,-2.4847257857757743
0.22702357513406324,1.0,0.3393646207501473,0.171139905635749,-0.0589848820054365,1.0,1.7479842358898472
0.5588977090424829,0.4974013948458405,1.0,1.0,-0.007995508622615555,0.08459774064644154,-1.5220074649156403
-0.37591837859547006,-0.9015151327756743,-0.40754355057058556,-0.104525758877414,-0.6071160531592891,-0.33789646631813136,-0.5870681926823647
-0.7499456662075389,-0.7001346165372263,0.31635899085905306,0.4555118371257735,-0.25996607753181344,0.1318485190514855,-1.3253893024198882
1.0,0.6112215525571549,1.0,1.0,-0.9278416679156125,-1.0,8.536073461681358
1.0,0.6196139836615421,0.7372175687745585,1.0,0.5048447984192087,0.9002036849279952,-3.796605124786705
0.39465396765596894,0.10040083985379614,-0.5594175832492455,-1.0,-1.0,-0.4211518003622695,1.3498180052442064
0.833729338329384,0.00032631833157575896,-0.17683949597961982,0.08867899492023329,0.07190172208221957,0.6435370545275243,0.7766176903434328
1.0,0.48282527817975485,0.32597688068253505,1.0,-0.9467246534382254,0.06514474051833932,2.776294990114745
0.9184192463947942,0.06527197488731296,0.9942275821184134,0.26895545051701375,-0.7194193650603277,0.05363056148310957,2.833455369192739
1.0,1.0,-0.053455284090125676,1.0,-0.21531650635392252,-0.1808366614623219,3.1746357548936324
1.0,1.0,0.9554930625032472,1.0,0.6965053468011073,-1.0,-1.9237731509604175
0.20716889011994438,-0.3570928090954581,-0.40972243777423323,0.2713391997470539,0.4720722305901644,-0.21386984921305463,0.3290215120925867
0.835978597302621,0.42170095124696394,-0.32695593377037635,0.2540319206014422,-0.5651346507963323,-0.9977286773552134,4.706131439624653
0.7497063076570959,0.4095439776490035,-0.5410994460764631,0.3151530723169409,-0.42372368607031796,0.28466822587763985,2.613874146307384
-0.4700280650932475,1.0,1.0,0.3891811062359445,0.3206313509813679,0.9202796257621009,-3.2524786812694693
1.0,1.0,1.0,1.0,-0.8824515027227682,-1.0,7.6242124808427585
1.0,1.0,-0.06588614857523811,0.5956974977688823,-0.16180548975776565,-1.0,6.1969793737565
0.20947801951930367,1.0,1.0,0.052000297403128615,-0.2875178787571534,1.0,-2.736350109088238
-1.0,-0.6884426868933863,-1.0,-1.0,-1.0,-1.0,4.433510740621216
1.0,1.0,0.575975350985872,1.0,-0.43877087859220476,-0.43484779236061044,3.9709995759222565
0.23585868395111997,0.4542423837976738,1.0,-0.2037081828522458,-0.9773927698564258,-0.6768042269501962,-0.10625193932192556
0.7091220396718512,0.5213733205899866,1.0,1.0,-0.1696270679806888,-0.5010883400413968,0.20904520188497677
0.045996062688755335,0.714430838307906,0.6264951500737403,0.3895827264137404,-1.0,1.0,1.8952312717083935
-1.0,-1.0,-0.1817613182361133,-0.058220516825218116,-1.0,-0.652874246521575,0.007807420955712574
-0.3481811852373057,-0.39505133009237725,0.029221324358168432,0.4440945556224815,-1.0,-1.0,1.2812894493702536
0.4013711093644131,0.3197655078393547,-1.0,0.3426574878027419,1.0,-1.0,-2.2052072295395355
-0.5862832184694085,-0.08343484399443635,-1.0,-1.0,1.0,1.0,9.062119237395457
1.0,1.0,0.9386434206604581,0.3416432665748477,0.18030866310802196,1.0,-3.393324681790432
1.0,-0.2557646317808469,0.14401577120968045,-0.5997428858522745,0.43824919426083975,0.4936512782295064,-1.4809934533632119
-0.2878067816053357,0.5656471230322526,1.0,0.850881456430763,-0.41513094924059135,0.010931022513711605,-0.5840893512161268
-0.08835238580917948,-0.9871823455279528,0.12808598324070086,-0.5286032334038174,0.11546337011078023,-0.9286529465475605,5.0362085022663985
1.0,1.0,0.9380628625960936,1.0,0.8447472842858016,0.35743633454293344,-8.587318517647407
1.0,0.6836896408122586,1.0,1.0,-0.5167539669659312,-1.0,6.2409647664578145
0.15457515350142215,0.10960266972394739,-0.009524536694015123,-0.47790544769239673,0.2737294329951252,-0.6335248768063196,0.9074777044999114
-0.24417992026624052,-0.3313366160543789,-0.04927576438046666,-0.8722137998455175,-1.0,0.7264309337338181,2.044761051136706
0.5427358903286579,0.49585870592638104,-0.8501271661216894,-1.0,1.0,-0.17649090260614453,-1.1784600724129373
-0.6697173995250639,-0.6608535856565402,-0.793118268507761,-0.23154841274714544,-0.28066177144925475,-0.23311668946412722,-0.8324672025871594
-0.7166231411036619,1.0,0.6949752089272822,0.10027058938228567,-1.0,0.9879987467167537,-3.578096942750677
-1.0,-0.831485650809437,-0.4588994942102693,-0.033425425906906114,0.33314919911990204,0.6310007485536675,-0.2922694853801229
1.0,0.4313588040817632,0.41246066853421154,1.0,-0.24621687808305215,1.0,2.5834266349036445
0.7209785816662179,0.572269795260288,1.0,1.0,-1.0,-0.6856625368721275,4.2240732135869195
1.0,0.20412048782294745,-0.8765861774228411,1.0,-0.11653148524627022,-0.12088108094201111,1.0077590276801538
0.3094886988780391,-0.5885950378054794,-0.21945009745182045,0.3876658402894173,-0.3926918434815301,-1.0,2.6174782097912836
1.0,1.0,0.9055013219145096,1.0,-0.23347403268015438,1.0,-3.2700846339807423
1.0,1.0,0.34602499812005116,0.4068241294484165,-0.09693953514003795,0.3415824875521106,-0.6686476324673706
1.0,1.0,1.0,1.0,0.8695562638321803,0.21879862036318354,-8.771291278131613
-0.8494904173719269,-1.0,-1.0,-1.0,1.0,1.0,0.14490961049890494
-0.4484773900109049,-1.0,-1.0,-1.0,-0.18160037367802695,-0.5249562502644379,-2.195329564561218
-1.0,-1.0,0.5061080415589773,-0.5664478056204331,-1.0,-1.0,4.360539213286787
-1.0,-0.4560994806839859,0.9889696016021443,-0.15849908920524147,-1.0,-1.0,-0.01398679773065381
0.7283511562113189,1.0,-0.08844264506293231,0.8341821595856134,-1.0,-0.3232597651379623,5.105289850681997
-0.5217192693588097,-0.7414326469860422,-0.3532114031694552,-0.29078170302725853,-1.0,0.057474838904057246,0.3516136563160427
0.008624875892868977,-1.0,0.5038071375819615,-1.0,1.0,1.0,0.05088683669837302
-1.0,0.6996662754631865,-1.0,-0.40082155822615095,-0.5247134489150127,1.0,9.005541654313923
-0.6819838435301349,-1.0,0.11392065463845569,-0.18556265892401655,0.0057432725090680314,1.0,-0.02730986182989739
-0.7727351447676034,-1.0,-0.28736853033325244,-1.0,-0.7756223478959571,0.29843757703557594,-0.5691481672957558
-1.0,0.8183890904771629,0.2653303794461959,-0.9402607546528392,-1.0,-1.0,-2.490998273863672
-0.3228876261032301,0.6207473393243989,0.023248838700812735,-1.0,-1.0,-1.0,-0.011326518172463662
-1.0,-1.0,-0.47845530864039376,-1.0,-0.46403316148143703,-0.25430941068672547,-1.690115568307621
0.10059535240967166,1.0,0.9805833972342466,1.0,-0.34320453601559753,-1.0,0.3098339375167243
-1.0,0.4622685507093609,-0.6841282874193295,0.14467175979734404,-0.7488466172942523,-1.0,1.7217851740851633
-0.2691989281168225,0.42516316322613096,-0.011075706372316863,-1.0,-1.0,0.5376212076668156,2.4694261794763324
-0.7589693845776695,-0.20103814515465013,-0.7119464477230655,-1.0,-0.07959683424308758,-0.8115602985820682,1.2938543879207265
-0.7477159567545926,-1.0,1.0,0.6040148118395594,-0.08894583330355695,-0.2519089462551646,1.4752699443946975
0.33134858162328484,-0.17008463434374144,1.0,1.0,0.7841948206427288,0.6974633712408013,-2.079477961354809
0.5796824803518388,1.0,1.0,1.0,-0.011047769199725388,0.46759281322863844,-4.697043175605452
0.08563809022595947,-0.8487507375900818,0.8952315251270428,-1.0,-0.481143294385189,-0.6452247244131202,4.686905689500977
-0.9759002889559818,0.5752434654333873,-1.0,0.7215091570060224,1.0,0.6869571699467629,5.372320974800628
-1.0,-1.0,-1.0,-0.5900778193191301,-0.431694947933568,-0.06600170047851267,-4.76362437945105
0.8975006927568074,0.03809750784002186,-0.039188109031151,0.39589428137469185,0.5939760023889323,0.9893397146350574,1.3133187299086346
-0.8309695328098112,0.23530188536595353,-1.0,-0.11728360849077513,-1.0,-1.0,0.4934255429874666
0.33903025064563463,0.03512926479970391,1.0,0.6201758517867058,-1.0,0.509728680788381,-0.6948263228974139
0.13673401789159179,1.0,0.5728323935859925,-0.14465946867136734,1.0,1.0,3.0005378464495163
1.0,1.0,0.9171702870452056,1.0,0.5270413844371704,-1.0,-1.1786029280780463
1.0,0.500359745087552,0.625392701645882,0.5262181400546116,-0.1322567285231579,0.4385333299727861,-0.46031846448081426
-0.23160424976534366,-1.0,0.4671353144792059,1.0,0.20094921850513803,0.7960825321967717,0.6544246840690209
-0.13853112728783024,-0.5693794555501264,-0.8844072882116031,-0.42324114908148436,-1.0,-1.0,2.1733821064618146
1.0,1.0,1.0,1.0,0.2540774667824839,0.5905215011394691,-5.496743338012097
1.0,1.0,1.0,1.0,-1.0,-1.0,8.597808428238501
-0.3837845361688535,-0.015092976056897967,0.29885173359220096,0.5567788837316056,0.058056334241242624,-0.3011318490716198,0.8669098072491306
-1.0,-0.9417625841294813,0.3794260205186759,-0.724763462692106,1.0,0.772208219205685,1.4094096488245242
0.08128609704954382,1.0,1.0,0.2999040607480563,0.1122439387299361,0.70660693639638,-2.692412047090976
-0.9450451198453942,-1.0,-0.9584625604102559,-1.0,1.0,0.7047598846723742,-4.855486062919939
-0.3447512907457073,-0.320428374917621,0.10060115287777849,-1.0,0.7879886854745323,1.0,2.8242965530298423
-1.0,-0.28081227680346355,-1.0,-1.0,1.0,0.9846919072627993,6.206085541561531
-1.0,-1.0,-1.0,-0.5751752439296196,1.0,0.8997166616932262,-0.1015099655336778
-0.741547524760484,0.7680726171183644,-0.6721862572923495,-0.6920431217781149,-0.6417755880617668,-0.829376024338328,-0.24224792178670257
-1.0,-0.9927079699154111,0.3102751393781704,-0.6794324973392146,-0.22484628770230802,0.0442739317084041,-0.9472380155460212
-0.2936714107978514,0.10487844347081965,-1.0,0.6378909791257412,-0.08183393226965932,0.2915616370419823,0.708221154990022
-0.6577015207589016,-1.0,-0.42707556956382664,0.007201884191079255,0.21821045250771076,0.4019483459585471,-1.2333650121413813
0.9179392815303169,0.27588870466133586,-0.3604711163736739,0.3881285730918588,0.02663723287607178,1.0,2.0723880658225067
0.3863750225474941,0.20959748425748992,-1.0,-1.0,-0.6946726477576941,1.0,8.10408856711361
0.2239188778714467,-0.019266287649125413,-0.6238570592905949,0.6469325349176268,-1.0,0.5285928906792843,2.1163564053435584
0.9344965441675857,1.0,-1.0,1.0,-0.5942497109420772,-0.8326914669426249,8.014122901020373
-0.009076627612584875,0.27730154972014226,1.0,0.6684005694591961,-1.0,-0.8228798138823216,1.0186452014297196
-0.8022983391811944,-1.0,0.4947901420093929,-0.3966590729150986,0.3287232632028876,1.0,-0.1547299962376662
-0.41762599655564037,-0.9043226851141979,-0.5789572352965258,-0.32132111636925975,1.0,1.0,4.222468573949398
-1.0,-0.7631445438020676,-1.0,-0.5502958697348377,0.09095006008788631,1.0,2.558543259032838
-0.06581677958287413,-1.0,-0.7792241709440606,-0.7295875653942043,-0.5978995794131479,0.27779945752123414,-2.2936029925984673
0.30076961420011683,0.08060227132466674,0.6073414635261489,0.811264811318296,-1.0,0.0343936587548368,1.137175719962481
0.9436150304762329,1.0,1.0,1.0,-0.48618451398321605,-0.505572165185164,2.9418795431775013
-0.449335849562416,0.12970576430861414,0.9082443769170379,0.38561521540491484,-1.0,-0.7629652867376517,-1.7644421854599504
1.0,1.0,0.9006237768209859,1.0,-0.6582883673179111,-0.32136716959699735,3.167207190634538
-0.05304488120130846,-0.9306347606959069,1.0,0.342771836855255,-0.26816538171635607,1.0,-0.29987912195678595
-0.6961997442923702,-1.0,-0.09350012683009337,-0.4611423182000647,1.0,-0.47282181319058736,3.853483509294164
1.0,1.0,1.0,1.0,-0.5758739478809067,-0.4610170330494837,3.432370355879639
0.7101458388889924,-0.16749507391122165,0.749342908109899,-0.17951046726337572,-0.20382043911221015,0.24748700568575088,0.32017194982756897
-0.9834041687711113,-1.0,-0.23239468446133665,-0.725361005781143,-0.6722088799432866,-1.0,3.8530720134549146
-0.8133414788063731,-0.5500758477495646,-0.8263457516537449,1.0,-0.8535098668418748,-0.753322559315843,-1.349628089336346
-0.24808612955744463,1.0,0.8171199605605346,-0.0495994409767922,-0.401135009558128,-1.0,-1.5480313312351661
0.5050090799162745,0.8935899229369917,0.5552711496333789,0.8059830395389123,-0.43223993649312464,-1.0,5.175318952574883
0.12267290307574541,0.5000332286482336,1.0,0.24977750767451457,1.0,0.9865134433631852,-1.7832836535566474
-1.0,-0.4345789002441973,-0.6571296268740305,-1.0,0.7051455667105078,1.0,4.132026191250908
0.9147876293711905,-0.28324476896584916,0.5391353369375161,1.0,0.5804314666220975,0.8203905464165961,-0.7733482195330822
-1.0,-1.0,-1.0,-0.15555728797189716,0.21753060833382443,-0.2019631223808347,-3.921416782247268
1.0,0.17369785649256464,0.9445977342315782,-0.056842747132926585,0.08761047892856844,-1.0,4.530641347306732
0.46075245993584807,-0.2875012143270317,0.8715621479507705,0.36231165672544957,0.29581936595416,-0.2982076826732517,-0.1213311176570768
1.0,0.10370153764904977,1.0,1.0,-0.5483064543306917,-0.056684896759186455,2.692182445268136
0.7460495172020791,0.4261635526586576,0.6785973464491896,-0.6457637846414023,-0.08827934087209477,-0.00428489558838141,0.5974979080380824
0.30067732096988414,0.11821381187791606,0.33222236969632424,0.3285022940354702,-1.0,-1.0,3.183537214153047
0.6506591192152567,0.42199772802031943,0.4823802517040394,1.0,0.1815312226849698,-1.0,3.1062103824464673
-1.0,-1.0,-1.0,-0.8738187728548605,0.5828763146165672,-0.5701841144621725,-2.872564154727983
0.14788694668232294,0.7329803608557375,1.0,0.484639364453577,-0.6704856225691735,-1.0,0.6018829825319786
1.0,-0.23857811741452178,0.25031553289795294,0.44063874217098475,-1.0,-0.43430113081668914,5.507567688880026
0.38494154248501855,1.0,0.757386090034151,0.32513951829856885,-0.5316557401073454,-1.0,1.359714266353383
0.1828438911941308,0.05004876424957094,-0.08180959087298345,0.31678554121398383,0.8024625472599148,-0.2274854462300234,-0.10768009029609421
0.7432054554697094,0.5043789529414151,0.26652934570797027,1.0,0.10125509210792075,1.0,1.1037860485410635
0.9227697044934616,-0.07609740462319327,0.5644806711853944,0.34407896147419575,0.621356476979567,1.0,-1.5912576928829334
-0.7306558289569254,0.1710190138774432,1.0,0.9209243952754542,-0.17585528930312233,0.8276264338881869,-3.749301440735082
-1.0,1.0,-1.0,-1.0,-1.0,0.1906456158952976,2.315143178068392
-0.6150947501046213,0.3191212666927118,-1.0,-0.6817504581172567,-0.8137727127391657,-0.37383058022487026,-2.0092043307413574
0.22619368932208034,-1.0,-0.5999565952714856,0.5083109055588668,-0.6349942941399184,-0.39432625058350945,0.1574019377724788
0.28640029552626634,0.8071381633352084,1.0,0.7278612741787709,1.0,0.13476482812878632,-3.0846314290500283
1.0,-0.15395827868805412,1.0,0.3589354073257681,-0.9669279517621092,-0.07373701839632318,3.803802103551222
0.10075358051429073,0.44638107056223353,0.7816787745472173,0.1558135941476988,-1.0,0.6885575497010712,0.14750648324738247
-0.7237515990603134,-0.7916220792290823,0.8387230751282626,-0.10181026826007936,-0.6916055774863259,0.2571376695416031,-1.1431262301527367
-0.7975569443322928,0.17727461124853325,-1.0,-1.0,-0.433820196622293,-0.7460564860687042,-0.6441956290875831
-1.0,-0.33063101065685974,0.17561339965622957,-0.5157072973082357,-1.0,-0.8476258053569266,-0.18970431182137426
0.8532043513719074,0.7008845631201206,1.0,1.0,0.43118084882414487,-0.009628069571090747,-2.894291235965711
-0.056818801503987104,-0.8404670102294718,-1.0,-1.0,-0.32422117036050135,0.8797450377107618,1.7516806055337448
-0.21033514751873328,-0.2203002264314674,1.0,0.23917361399402076,1.0,1.0,-0.9099710480007559
-1.0,-1.0,0.08857421662478875,-0.3526726820954439,0.7110443020576932,1.0,1.1314626225094067
-1.0,-1.0,-0.7495302623887858,0.1865304732605365,0.34522858817121393,-0.08840332570833642,-2.159108661132866
-0.0035032354125210663,-0.8132806445430414,-1.0,-1.0,1.0,0.08345242849013282,-3.1522673271264816
0.25742046639902316,-0.7202009877351424,-1.0,-0.9735464347973868,0.269258410076187,-0.7645320201883046,0.7758346105917886
0.39900692667523185,-0.06828125125784834,0.09923230688768364,-0.8640454216701641,-1.0,-0.4140857061236801,4.058811292562147
-0.12061881613929093,-0.4645754121628731,-0.43831332689310476,-1.0,-0.7032971591742851,-0.8734375551558964,2.6579931405127626
-0.9038059395807154,-1.0,-1.0,-0.075685455215311,0.37393456152528515,0.02282339740527739,-3.6677111854884705
-1.0,-0.12460853293192153,-0.4408322968503554,-0.6838172835657155,-0.11033118358866012,-0.06794412998525579,0.08241674011942296
-0.6394597764233473,-0.8106443273347528,-0.6168357946596046,-0.2503297225366109,-1.0,-1.0,0.30532202490529214
0.036895531658956315,0.41260793182413735,1.0,0.6970692728404053,0.3543013279117586,-0.475074924095479,-0.46979349827417005
0.26601104628093064,1.0,-0.21863659641838218,1.0,0.40539990433758155,0.35255899101741606,-0.6464158924354038
0.5998590229542711,-0.34387562315876796,0.7190119519706786,1.0,-0.39392941341301047,-0.7361745728542597,4.120395346489829
-0.6512283942136292,-1.0,-1.0,-0.8823796196791405,-0.7391640788808573,0.4851737035146384,-4.257394629003167
-1.0,-1.0,-0.4427722567604895,-0.5009813613547718,-0.030941051590589908,1.0,-1.3890187616570353
0.38486812176799523,0.6804012150194156,-0.181785558556951,1.0,1.0,0.7350781550611927,2.0866884958769325
-0.41454524192505265,0.6889384710790702,-0.7616639097872309,0.6890154831163553,0.3023239519092706,0.6864552766186288,3.4171864099729135
0.7644782157221441,0.8551030891173972,1.0,1.0,0.24616885223436114,-0.20318975014907859,-2.5563195390905475
-0.125873116569155,0.19516976470555214,0.6391828411237747,0.07992219522085875,1.0,1.0,2.3143523959856203
-0.47133619799988336,0.37672366622035486,0.5043016090767751,0.7290515298054276,0.2565753144598606,-0.9223180979727658,2.3144542725957042
-0.8650466657331565,0.0334748425774396,-0.39674891888729347,0.6084152462932948,-1.0,-1.0,-0.7902734240959817
-0.6589431374150636,-0.5571863846302665,0.9766229405553433,-0.22280518523701742,-0.32970689079362936,-1.0,3.1772610690622827
0.11420025634531128,0.12387936562801383,-0.44386177037852526,-0.2700814385517775,0.6430343130952079,0.263720779230124,-1.0429898717440187
-0.9875960298728359,-1.0,-0.5618849774077803,-0.17216702740757817,1.0,0.011776482129215338,0.6469931382568758
-0.8676026236961918,-0.3663616286635618,1.0,1.0,1.0,-0.40627086022143477,0.42543654613253296
-0.04138792904568073,-1.0,-1.0,-0.07437068259114954,0.7055470667852274,0.3515564412615715,-3.115728917800927
0.16931740062294787,0.7234263907619554,1.0,1.0,1.0,0.4179032447803154,-4.485060921776644
-0.2986862467455278,-0.05805098462835989,-0.24593061366079416,0.5851761394925613,-0.3440699954654569,0.3428724832745481,0.04546592108000648
0.8406669551365985,1.0,0.9958300696239358,0.5522343484843534,1.0,0.50009376517405,-6.937536162596336
-0.06351809503385726,0.45963108003409037,-0.41953941544166995,0.05768487508811487,0.5856867707269182,0.42764141014345247,1.438971987641249
0.5527854497663061,0.20924104646293135,-0.05183598432050873,-0.17879584485461564,0.7002952672818823,1.0,2.4947668845608373
-0.04468224909981189,-1.0,-0.7255648965096515,0.0777182633445408,0.911841529130847,0.5169807179707583,-2.2924464584616584
0.16455928017707122,1.0,0.13823436352468077,1.0,-0.7053776193593188,0.1746808897614931,0.918294901439844
0.7507694690544857,-0.9736402671362276,-0.1866776830968312,-1.0,-0.5811286030165399,0.331300024375022,3.645892531041876
1.0,-0.3891400965317253,0.5498171719755245,0.707455511388738,0.1367277302492942,-1.0,4.317465082694395
0.009999089514798443,0.9407799256918314,-1.0,0.2771647245644785,1.0,1.0,11.879464154433919
1.0,0.41318496137359007,1.0,0.21579050305167535,-0.6117024732352409,-0.33894192594815564,4.12830573325049
-0.9716246683764952,-0.9044424657658954,-0.4543407038956002,0.7994360019130083,-1.0,-0.6856665269561004,-2.3557834253463974
0.03353405199120174,1.0,0.11154886605877351,0.11837570428068034,-0.3792526039245674,0.026017751161670377,-0.8437414782809153
0.30658969399796376,1.0,1.0,0.6602739118871835,0.27308950370197516,1.0,-4.934742623872285
1.0,1.0,0.11528176689955846,0.6904122472375164,0.5235937580467389,0.7747584299921364,-0.42532472566503104
-1.0,-0.5589492069635285,0.11616197515394866,0.457338126326998,-0.1349121836162932,0.4293294456546314,-0.20782661503192468
1.0,1.0,0.306041895673719,0.17701785563434003,1.0,0.13582719374003638,-2.356465204942961
-0.27998493448441364,-0.875335226682489,-0.8506811244368935,-0.5992787601134064,0.5704480671837271,0.3828026238991822,-0.5191121151320801
1.0,0.48025492871617637,1.0,0.7599516322478025,-0.39713934073004475,-1.0,5.867705275737725
1.0,-0.20175488311741407,0.09946843855803178,1.0,-1.0,-1.0,8.517728621995614
0.4522062828567519,1.0,1.0,1.0,1.0,0.9841970623418275,-7.545276062154366
-0.43450967840828575,-0.5035856332894858,-1.0,-0.6231610175538718,-0.15684814816132597,-0.4367264017565896,-0.11651451524757478
-0.045412894524493985,-1.0,1.0,-0.14262812607195968,-1.0,-0.19094112092700796,3.1408210275670965
1.0,0.22855430306073954,1.0,-0.14298489644131018,-0.8983676805139365,0.7749876342136423,3.5751064910132766
1.0,0.6459091050256274,1.0,-0.4639894762796285,0.19751322666379484,0.6682511392754443,-2.3575109636681533
0.013326339699910705,-1.0,-1.0,0.8269650987322236,0.11422076326077724,0.8032429829761436,1.2073993144953328
-0.7980674713981202,0.9390115243419711,-0.25288029309967885,0.6149500813995211,-1.0,-1.0,-0.11941858978588915
-0.7083781306165606,-1.0,0.2681604453250178,-0.4671682422882058,0.8453667133430929,1.0,1.376363455568271
1.0,0.30453109237134846,-0.3956028052664522,0.6613024106968406,1.0,1.0,1.0676600124109008
-1.0,-0.3759075425232681,-0.2626746579689463,-0.08939578236885481,0.1860316468505595,-1.0,4.797141415692906
-0.11414434437662307,0.007123794323989963,-0.9549847637595787,0.16881297495411124,-0.77394375231562,-1.0,2.124823769629291
0.9060203420987929,0.38208955932466454,0.07528991602224255,-1.0,1.0,0.8445992925049266,2.2009460129107854
-0.848409818516382,-1.0,0.5695319255569531,-0.4940695677181377,0.783867696449601,-1.0,7.608792920606471
-1.0,-1.0,0.10673101947326441,0.23194802786961585,1.0,-0.11765508321254542,2.909242360874196
-0.22163231398230634,0.30075754441013547,0.47484895082309375,0.38820765562358317,-0.6550083997060812,-0.4915045336042382,-0.4646371516240909
0.4945205669774678,0.07612520438817963,-0.3674585132470728,-1.0,-1.0,-0.2893845954167886,3.0684149781955847
1.0,0.0374004749884998,0.5036790656727933,0.46613217317219285,-1.0,0.08732415151895173,3.325434944193465
0.12020005779328968,0.42552570116448757,-0.1484591376015958,-0.09779938533296964,-1.0,0.5465915758679153,2.0556840429802476
-0.9548976181419035,0.6103395415357945,-0.33882391325047356,0.4085256030300948,1.0,0.8112817067255339,5.9274980232776775
0.5744509627220422,-0.2751708542393637,0.7101977920749938,1.0,-0.36874683485768633,-0.7145690855660927,1.9080212255705606
1.0,0.7548209484883326,-0.11589589898678163,-0.2032876574231398,-0.5482512609778208,-0.32883047830193957,2.2397201510174343
1.0,0.565214008822331,1.0,1.0,1.0,-0.18339765751456316,-5.146075317496582
-0.7962645497877724,-1.0,0.20320979266333772,-0.904706201654907,0.3753636764653031,0.037386052199301203,0.7649008297033095
1.0,-0.3270843913240633,0.9030512955994396,-0.8030815599738368,1.0,1.0,-5.996625142533454
0.3649239794201782,-0.2879912743701832,-0.16280908394993265,-0.14507111319597876,0.6134698792697635,0.7047592267994448,0.7129888723514436
1.0,0.7038390798163796,1.0,0.6102150466943793,0.44152835053019585,1.0,-5.583507394017074
-0.9079260868807618,-0.7933018381377517,1.0,-1.0,1.0,0.42359222392101414,-1.7783664418585894
-1.0,-1.0,-1.0,-0.2828119743503701,0.4319964231030652,1.0,3.0094867229438345
0.5627269260463403,0.19379017063312542,-0.4886356513492086,-0.20307435369097568,0.8285011475221875,-0.7672555487776174,-0.7774178028063305
-0.9958888416772369,-0.3835104524382442,-0.8083222499968998,-1.0,-0.05074404665606186,0.2925686684870601,-1.230175519670103
1.0,0.20695861357656342,1.0,-0.05442345944007815,0.4770901565915189,1.0,-3.336558414581998
0.717908186183613,0.775905626138462,0.7008030644951858,1.0,-1.0,0.1671933587372596,2.876635103293095
-0.7527203594704026,0.44628144548311843,0.2990330526595261,-0.6921767385353716,0.905741814505093,-0.706873587289164,3.576200952813493
-0.05714584211441409,-0.7748190708504645,-0.175865198648677,-0.5138416027268267,0.04406180617300154,-1.0,4.256012394068019
0.4094061926942947,0.903915568896052,0.47020211282480134,1.0,1.0,1.0,-0.2194864702028566
-0.7860136738792063,-0.3218914403231736,-0.5319243595196947,-1.0,0.5629849664504034,-0.7304716843094377,2.463286765079966
-1.0,0.7684327106198356,1.0,0.03940926845038922,-1.0,-1.0,-3.5225174847309786
-0.05593354029557951,0.014232027949500736,-0.4243397245134691,-0.6193401175524685,0.911387074203553,0.8495628834592969,3.6165737004254765
0.08273498043966004,-0.08505090299211815,-0.020804211139959804,-0.05455466024877664,-0.6121975394395027,-0.47442199314720473,0.870615559768887
-0.18844934444677874,-0.8998982227626131,-0.7889035401409192,-1.0,0.08459593629668388,1.0,1.0835132732828254
0.03636180231878977,0.02777960687893391,-0.8579618633951317,-0.4400943096813804,0.6119249046718499,0.9960178225220829,6.733511901586742
0.3295676498578562,0.4595563283929962,0.44947704247798886,0.8825809569120209,0.3987230116184834,-0.9636618516383745,2.446948003497703
-0.5804293344920285,-0.5204215495008062,-0.7899987410209206,-1.0,-0.6390108437110047,0.24332694912123481,-0.8970189958604797
0.2789663208373667,1.0,1.0,1.0,-0.28080241632201786,-1.0,0.4748346761464883
-0.001153786534264234,-0.8945169433141293,0.4851827818927128,-0.42785343407065335,-0.5452909140827434,0.06873854177713534,1.6052109077928995
1.0,1.0,0.9922731891916463,1.0,0.3375574122040568,0.678603790597252,-6.718293849606584
-1.0,-0.009966161491441472,-0.07512464228259413,-1.0,-0.07505908392118252,-0.40588396055305254,-0.4859628018575392
0.8349740331085672,0.17228330774227663,1.0,1.0,-1.0,-0.34890837253780616,3.5911704928167736
0.7769985078762777,0.760743217767069,-0.8010626096086494,0.10945863276275275,-0.5024885476605221,0.2636743071801732,2.758270592026102
-0.8894062646734251,-0.752522369224643,-0.5405671709229348,-0.29234746893914554,-0.5833435509095928,-0.02930833195278343,-2.117793147162919
0.895545171509968,1.0,1.0,0.37923103911443734,1.0,1.0,-6.661667686622733
-1.0,-1.0,-1.0,-0.09686868630409262,1.0,0.9687624717374372,2.9525070556653623
0.1537834650226626,-0.9763349481355217,1.0,0.2718953115244187,-0.5752901909758912,0.823134388240496,0.3298491571941689
-0.2109883887288735,-0.426444155033449,0.023995419751918434,0.36422611645630976,-1.0,-1.0,1.1384956106475999
0.713162884368135,0.11666313591109112,0.21840029601334965,0.8162614854212478,0.244136969836654,0.4333389831877486,0.6903907201803302
0.07291404561678139,0.32121734736786645,1.0,-1.0,-0.45327689399327714,1.0,0.04505602587988311
1.0,0.03482544920520725,1.0,0.09496821172039649,-0.7286162846029984,-0.6843829876930265,4.7921824975876195
-0.27935478996684304,-1.0,-1.0,-0.35981346174563794,1.0,1.0,3.2470234506509286
0.6390448681521275,-0.5457583341532206,-0.7800424317389911,1.0,-0.8002902488943633,1.0,7.068377561146839
0.7418792697041521,-0.7087313758401695,-0.4979816533561108,0.5408583099665634,-0.7287315008329346,-1.0,5.619659711682831
0.9391029459495683,0.21646671317910854,-0.32694142351973227,0.7634129306718297,-0.07619978162527263,0.5341096943392674,1.6698894184245616
-1.0,-1.0,-1.0,-1.0,0.3880590562564926,0.0712562906336961,-7.013268797660302
0.6016954868393697,-0.6775431156454708,-0.05845141633648057,-0.8123444704201342,1.0,1.0,-0.08138653764285796
0.21039834584499345,0.42749623999663766,0.08241053192231482,-0.27088241913408173,1.0,0.3737536715348096,0.061227862357065566
0.43669195338988426,-0.42873393451599867,-0.7766846192626089,0.6082601778150761,-1.0,0.3327802376560266,1.706980006282651
-1.0,-0.9199586500622428,-0.800587419376487,0.050759941095217864,0.19621310505493592,1.0,2.3391237158554037
-0.6773914994279873,-0.5192961058763053,-1.0,-1.0,0.7459269699029821,0.16694568546664576,-2.5333421894316586
1.0,0.6918776761265051,0.40613562395304675,-1.0,0.7347797963245208,1.0,2.108855457418416
1.0,1.0,-0.3942510986258657,0.8185973021705846,0.102599347156061,0.6299117035276477,1.661252126513694
-0.5928319453728794,-1.0,-0.1256847133824242,-0.7502677730954304,0.02611704067711429,0.534590198025263,-1.0184596522418219
-0.10633714348970183,-0.6177619357418569,-0.07473633665879831,-0.561540284175962,-1.0,-0.5940771188354734,2.768132499522658
0.48526330061034784,0.4198472096968205,1.0,0.3209996708125131,-0.7525360275298825,-0.7841686964205452,2.4711704579823563
-0.6872580317125865,-0.999598001410472,0.1404231808906783,-1.0,-0.3870363680399864,0.48333132299296394,0.1559845660931427
0.1667946166823715,-0.9866683614026829,-0.5840664744756441,-0.3178957383267456,-0.20960964919849553,0.8265121398665106,0.07170478365905454
0.3304833508395282,0.8191458445090323,1.0,0.683128584619128,1.0,1.0,-3.176780226449375
1.0,1.0,1.0,-0.4439046369259796,1.0,0.969890741990008,-3.5716913910485726
-1.0,-1.0,-1.0,-0.4140097256850562,-1.0,-0.8524478690009818,-0.03437330035699143
-0.9568957082292666,-1.0,-1.0,-1.0,1.0,1.0,-1.6160047368224069
-0.18970013411254782,1.0,0.9928911518776011,0.6484624485228071,0.39097832290399737,0.5855812653922359,-5.298239773669408
-0.33894292212001254,-0.4954663072662482,-0.2550885193485011,0.4454721563633255,0.28671916731713265,1.0,3.6185664141305343
-0.362674677910427,-0.9265654819715292,-0.39654278492437334,0.8297313049727149,0.257062512846737,1.0,2.665127616609648
1.0,1.0,-0.6074482982605641,0.4676490640068668,-1.0,-0.7061080722029824,5.95072766666338
0.2908487233592467,0.5798503130985351,-0.6527368528957955,0.7756705754724351,-0.58394445532995,-0.632334226877731,1.5703249014492406
-0.7129106515550976,-0.8753504492048216,-1.0,-0.910981514664023,-0.5628829290799264,0.4882854356335071,-2.328624747604617
-1.0,-0.23631521918707055,-1.0,-0.3133092340403174,-0.2764369002753572,0.3293798879596741,-0.11233960688060218
-0.7536347428620536,0.18636836280198665,1.0,-0.7352754480038584,-0.289670119446337,-1.0,0.5393496603851947
0.41792089523555487,1.0,1.0,0.13110928382599418,-0.17658154559931374,0.7986406819583834,-2.377221705812144
-1.0,-1.0,-0.4294416289995311,0.5299876215606542,0.35223851987392024,1.0,1.2815374142671203
0.03360679033217662,0.7281419974268079,0.768371830320056,-0.6107863019306551,-0.11376782073228961,0.6720461348790765,0.22308120759943995
0.6137453391197332,1.0,0.5024664657469231,0.8449415035886554,0.9540828157660768,1.0,-0.8751197694093633
-1.0,-0.9104312310912257,-1.0,0.9353763630337535,0.93285053171726,0.7485422287127199,0.15564720521005704
-0.43281410748267635,-1.0,-1.0,-1.0,0.10344555294226954,0.739663658785874,-3.4005806657526123
1.0,0.41123499810191294,1.0,1.0,-0.332979137103791,-0.4307209730250651,2.605127558484984
1.0,0.05044947534712785,1.0,1.0,-0.7322379903219574,-0.595390009983215,4.474874038822592
0.5183361922874878,1.0,0.6979172711143047,0.6366778257808896,-1.0,0.2565903064035516,0.5378452564582168
1.0,0.8705756040304806,-0.09131709673874644,0.8089581671003889,1.0,1.0,1.2241280782650201
1.0,0.5488691367377163,0.04463985656270186,0.8177735348248908,0.28094941565485165,0.05658815144646279,-0.5209579114326102
0.44992390775060437,0.37942216212621077,0.8199479556941552,0.3917773130398432,0.6175709723001328,-0.14321216741848714,-1.837222087657926
0.04279106232167518,1.0,-0.025396044984769772,0.07351466017628845,1.0,0.34848759926978734,1.742975658229755
0.19747904509402137,0.6422449498832993,-0.048145780522577786,0.07872264894958969,-0.6820934508493899,0.53580958559174,1.8723034643203171
0.017277283267568277,0.6631144368989594,0.6849296490209782,0.6901864755267193,-0.695440612201128,-0.6104936966333935,1.3226990304996358
-1.0,-0.9189382775051119,-0.6198429773531768,-0.4919178755925835,0.6205048613497419,1.0,2.018791543091768
-0.8619602389029357,-0.04890208396153073,0.022917716173884273,-0.8744094725357499,-0.02293097505525521,0.5306313796731088,0.2945255137160485
0.7654316395740148,-0.5605938173679925,0.6810052989918872,0.12029787346314696,1.0,0.6252930929927373,-3.505834979093906
-0.9001261319153382,-0.7932506705303732,-0.48316881596866684,-0.5572915349231515,-0.9122592975155793,0.6398560036114478,-2.1202180356300375
0.08014070325018441,0.8873308548399417,0.30516360482673544,1.0,0.8658048547985229,-0.14289403068560874,-0.9282677796246884
0.43619953420360114,1.0,1.0,1.0,-0.46480504106590403,-0.42583633073693444,-0.43009539174656586
1.0,1.0,1.0,0.4263529363220582,0.5081546953798637,0.31980779011561267,-4.573826352674219
0.010385017460130486,0.12010084302773794,0.104988082923661,0.2143841425703794,-0.7545072861115851,0.9828582354187321,2.5729103029662626
-1.0,-0.44141632627460314,0.29397176255685653,-1.0,-1.0,-0.20280878119593182,0.6306101751195564
-1.0,0.24350283083412277,-0.1715752889487483,-0.4399573784518611,-1.0,-0.6665287167559377,-2.4389674653354967
1.0,0.7955915865243486,0.3505106967113407,0.0713634913959047,-1.0,0.3286296381173205,3.3019105183841235
-0.7192281298323533,-0.011693887476020737,-0.9673181210130357,-0.736821250504688,-1.0,-0.3127555871461354,-2.5364014848965866
-1.0,-0.23774168761120174,-0.14639658927870403,-0.21276079004968806,0.86277628856204,-0.8889443717873615,4.274172613689321
-1.0,-1.0,-1.0,-0.48781232842642974,-0.7149804050090621,-1.0,1.9221276667161493
0.6228869527594841,0.7484989871485372,1.0,0.43376712450752497,0.8840437203225556,-0.893637021238448,-2.1913365393441033
-0.888070903203941,-0.7937926582361275,-1.0,0.25806740876792067,-0.5548074743355849,-1.0,1.7629277048877936
0.7359050782340173,1.0,0.489924065527656,0.7872813044785456,1.0,-0.03295390202971589,-2.100277850780987
-0.252730583161495,-0.5806507175255491,-1.0,-0.48570472443377377,-1.0,-1.0,2.0604798519325196
0.08185193546227032,-1.0,0.42785815064888444,-0.6426074522653369,-1.0,-0.26291508491065224,4.6820303073594856
-0.8544489949846107,-1.0,0.06956457735662647,-0.7551980155137941,0.7190680968540363,1.0,0.8041942348971922
0.32543694773289344,0.19216045104685925,-0.4157178067642,1.0,-1.0,-1.0,4.278122815582996
-0.8186175861215883,-1.0,-0.6075009206068958,-1.0,0.9318242611756535,0.31978989799659263,-2.486376692081787
-0.1878848895882825,0.7514043710202564,0.04469431112195865,-0.3407843685023087,0.6620014435232434,-0.07503373043197586,0.06443792013196897
0.6029789038337807,0.0427217160041225,1.0,0.7308850084414449,1.0,1.0,-3.4731573361516492
-1.0,-0.45907601692777633,0.5237753651539281,0.5130694948355012,-0.20649104851610667,0.30870468315204996,-1.4430282384113693
0.9370954428381342,0.12559931125995916,1.0,0.3373530318147644,-0.12341954909403774,0.34744470941735606,-0.5179690150889185
0.5673201480415179,0.3417386488921341,0.47640803093791234,-0.01952334202053485,-1.0,-0.2891011601895759,1.3048785187008158
-0.0112954970602267,-0.7651468370291923,-1.0,-1.0,-1.0,-1.0,5.922914106516878
-1.0,1.0,-0.0034216472725229485,1.0,-1.0,-0.4450597419198872,-0.21926950803551426
-1.0,-1.0,-1.0,-0.9280894949954275,-0.7030163805023383,0.127693386907424,-4.565753491842323
-0.2737427236158996,0.578685471047609,0.8463857670169214,-0.2540108978671113,-0.9094683879274474,-1.0,-1.440708414695111
0.6162513615270528,-0.30646784013927014,0.06559117428220079,0.6942723678294502,-0.33702674449845715,-0.5830966147208374,2.7565201035266176
0.779538628379637,1.0,0.08871416130464094,-0.12900989341229707,0.6175200705591994,-0.2708063391786024,-1.0426710818180265
-0.6767244714582161,-0.2747536259562797,-1.0,-0.7619215392019559,-1.0,-0.017118344753694448,-2.9736928116112713
-0.3988147439171633,-1.0,0.3330463410877054,-0.6342633233712947,-0.9726745070878029,-1.0,5.551236449924625
0.9253161320993896,1.0,0.2825986627487207,1.0,0.21789727261870062,0.9248088038627555,-0.25618799156345884
1.0,0.22178013557433035,1.0,-0.1905389192990072,-0.2031887939328944,-1.0,4.803065006053161
0.25500235639372043,-0.7201266547433993,0.27508036555613896,0.23077567391652523,1.0,0.2819963785048991,-0.4339351269945528
-0.6972680796850166,-1.0,-0.0828452338901734,0.9626590076376597,0.2978213140725237,0.429057459143389,-0.47602353362799893
-1.0,-1.0,-1.0,-0.5952611274859241,0.9059844389833847,1.0,1.32794647050748
0.02202283794946136,0.5996253933121534,0.3793059135808816,0.21502642551678264,0.25019475445487094,-0.5240805629566728,0.3355409276493397
-0.06107391749831004,0.2535471259745488,1.0,-0.5398538968263634,0.8817027244678532,0.3355760127109897,-2.0983705799279435
1.0,-0.7283173466263848,-0.07317926078496281,-0.7354141716531194,-0.2696658163130574,0.060422753212687585,1.4729403948913873
-0.46530463558952806,-0.09200355101981728,-1.0,0.32508753588771727,-0.14822368578306094,0.9724493452533434,6.888751794036384
1.0,1.0,1.0,0.2967394760185851,-1.0,-1.0,3.3664075573811503
0.557232196944174,1.0,0.9799444993484904,-0.6464622301282613,-0.32495449627418277,1.0,-1.1235357698521145
0.4264013106744068,0.5250873948339445,0.7907679966215225,-0.25923801551591347,-0.42500536851042625,-0.9095071950044464,2.261943773987545
-1.0,-1.0,-1.0,-0.9113404144186765,0.3728582952479985,-1.0,3.0967218493193807
0.8658814870045204,0.5384581990443149,1.0,1.0,-0.34453040488438025,0.5171850717146684,-1.3578057049615995
0.8556903602014818,-0.2882276913400803,-0.014761737499148553,-0.13525345797378396,0.08017032467943974,-1.0,4.541823866145491
0.22040858071098568,-0.6350136303935419,1.0,1.0,-0.5867314241935223,-0.3321234252610795,-0.33746810986443365
-0.35511557083425527,-1.0,-0.09266862484945282,-1.0,-1.0,-0.4802858741522093,6.107564713791345
0.5324457743661913,-0.2512748844363252,0.5767770402403251,1.0,-1.0,-1.0,5.982126472878066
-0.9973468034150261,-1.0,-0.4832748545622554,-1.0,-1.0,-1.0,4.296960856468208
-0.4925715706686271,-0.119970223625952,0.11402030014610096,-0.10673353401554339,1.0,-0.07132416547166298,1.281729864196107
1.0,1.0,0.9721115858221314,1.0,0.04080993329120522,-0.8163213725565746,0.9148263294961642
-1.0,-0.856070755075382,-1.0,-0.6662273097941813,0.5952338390614119,1.0,1.0586058744012208
-0.5695864606027325,-0.7170678221611583,0.15381832704376003,-0.6255613617501727,-0.11203309811152934,-0.8451762778105211,3.2522499851564244
-1.0,-0.4983211043014786,-0.39968764021289316,-0.5168252899869948,0.517724975907374,0.6733355836407566,1.844417241087014
1.0,1.0,1.0,1.0,0.9021452861725775,0.08672365717453323,-8.584533781224382
1.0,-0.14126479390986646,1.0,0.2014316136858878,-0.9661050160693954,-0.2342097535201879,5.631757806540834
-0.15961740607158204,1.0,1.0,1.0,1.0,-1.0,-4.671496644168488
-0.7527227791118405,-0.2634124968388727,-0.8743631777302533,-0.4824718798223955,1.0,0.8617295065511756,5.2433384010708615
1.0,0.5731756673351251,0.3572890411650542,0.9157596158965933,0.815852592581709,-0.5227935815997358,-1.3830978353261019
0.5494977289085676,0.7428999996319273,1.0,-0.3500316490590096,-0.14884633564149397,-1.0,0.7797329048052564
1.0,1.0,-1.0,0.4680036545288975,-0.3749539876400676,1.0,8.765182840450244
-1.0,-0.4786270737672653,0.14037350038009938,-0.26569910269765473,-0.9915820066301009,-0.5996113704865351,-1.1231325987615355
-0.8174775935473848,-1.0,-0.7278798872535142,-0.5406256036033104,-0.07545715773683204,0.7034909435117969,-2.6287995544270513
0.8818885954473866,-0.10998969834806749,1.0,1.0,1.0,0.9957998974299305,-5.954185120275656
-1.0,-0.5185012791312872,0.25495084056680417,0.10106243156808514,-0.4976837471762693,0.2929936947341797,-1.1887903877213333
-0.8404268600465831,-0.5426178631329901,-0.9109651834650234,0.70617118137556,-0.9595472082091334,0.3679478134814822,-3.0354672270545646
-0.8635021085001455,-0.3246482813934847,-0.6527312913107114,0.07621076620561773,-0.7483288064869394,0.9350670334301301,0.8746310295461042
-0.3868211616868361,-1.0,0.221360795939624,0.9710086485803877,0.13663246431080636,-1.0,1.7562163128777968
1.0,0.10101896503907312,0.3987721981347552,-0.15863856962670408,0.08988068730561449,0.6665734113736677,-0.3211277576704862
0.8012498251919595,0.6109776915784884,0.3196035424764172,1.0,-0.22654345078610005,0.3734798979167344,0.4468498132756408
-0.5857288393566656,-1.0,-0.6229581174733521,-0.18665889414414644,-1.0,0.1377950660710241,-1.8371761209354494
0.27139509239829473,0.6450524605625059,0.01884995731169708,-0.3815548746893198,1.0,0.1158509842756168,0.5061696298877892
0.7018125504715949,1.0,1.0,0.7512459459276954,-0.46166343561707046,0.17716171863425978,-1.4204653130833482
0.5589340791601023,0.09396107798216935,1.0,0.4040805102988736,0.33216160028037245,-0.3346042621946145,-0.12471859610813142
1.0,-0.3602905839687918,0.7462713358740483,0.6169769697178222,-1.0,-0.296508212942343,5.690392642774498
1.0,0.374131582429298,-0.06722771201360722,-0.06647644585734014,0.042826974567735654,0.6304870542839937,0.7107243154981648
-0.2783525320695966,-0.08625565927763401,1.0,-0.3130366518413454,0.7835804356521063,0.4603717037426387,-1.8599372741695617
0.31756977393601415,0.37910575931462787,1.0,1.0,0.6426743447384478,1.0,-3.0356141055899277
-0.23366693113143078,-0.7717375730017477,-0.7361197857014761,-1.0,-1.0,1.0,7.081097266075478
0.2687998370961915,-0.3114582537093076,-0.25753702464519607,-0.46384668649318594,-1.0,-1.0,3.7619086435208
-1.0,0.9036746794531005,-0.4862654231966814,-1.0,-1.0,-1.0,-1.2627965749162067
1.0,0.7539095092069836,0.9769318366815614,0.544533367546512,0.3060205269085763,1.0,-5.013303327489183
1.0,1.0,1.0,0.43333699030474393,1.0,-0.5685845820702019,-4.3498903873799115
-0.37667979930614814,1.0,0.18124042568784005,0.6502702073723537,1.0,-0.10632103048916464,0.5550197023311024
-0.4641973828904009,-0.170170645756885,0.1938262037944115,-0.2709088170149604,0.37769272763718154,0.30957272955022225,0.4773917573417184
0.43032336918931724,1.0,-0.09818450217011021,1.0,-0.6391397051691385,-0.9985787972761253,7.016597435993443
0.7788822564420961,0.2694365451690708,0.35050413975476985,0.0983775818521141,-0.10945745067948565,-0.9464256827225366,4.550617608722696
-0.43939724353831044,-0.08122869688638312,-1.0,-1.0,0.4545890323634896,-1.0,3.967311197953751
1.0,1.0,1.0,0.27038227526213765,1.0,1.0,-6.295584020046665
0.07420193625948346,0.37283492302254795,1.0,1.0,0.14645321671333145,0.7802532728104922,-3.048047011894907
0.4125659591361366,0.08967576200555594,-0.597037571126567,1.0,-0.13777834292066443,0.928934660847419,2.27092932720722
0.7857237633685344,1.0,-0.20898069628835797,0.9146371803086903,0.09044468639814673,0.8092617990822932,1.0118102726645912
0.5254039157137282,-1.0,-0.640024009178882,0.16460291621835021,-0.7705688403078989,1.0,3.1872985094554225
-0.9048548938268504,-1.0,-0.4906337374888871,-0.6310575463277545,-0.5655233508988566,-1.0,3.64625347674016
-0.24184844457813592,0.6864806428760787,-0.833462418966521,0.32038316811834133,-0.02974853426285562,-0.16490315303757908,0.3995846527428284
-0.6753577339325831,-1.0,-0.12372689070346254,-1.0,1.0,0.607939742777639,0.5132013009800196
0.44029397828128913,0.13617800567525395,1.0,1.0,-0.10777711183260674,-0.7186778445211555,0.4330028733407919
-0.7769879969461455,-0.32658310014536307,-0.916541036056201,0.38095119120017806,0.8384651587256329,-1.0,4.8534666305936796
0.13125520199139198,1.0,-0.39539766024902745,-1.0,1.0,0.2992411016553944,4.450270660427417
0.7325392483363977,-0.3983154104764077,-1.0,0.38715749382207243,0.7564862820789011,-0.3303192919642366,-2.9168654413310393
-0.6596787682385593,0.9538707672897773,0.9786209932153551,-1.0,-0.02950268863932548,-0.40353374611307036,-4.795564810800261
-0.9825795746351241,-1.0,-0.11842493714120472,-0.012452951183514527,-1.0,-1.0,0.9410059435172943
-0.8456078940733499,0.7231918403685735,0.9428649549074023,0.6272489787981003,-0.0641941004647742,-0.8326235630710972,0.4208505067542945
0.9105644645277859,0.428491033368115,-0.12512127837237874,0.3228276559019255,-0.08304727029048675,-1.0,4.059592463137891
1.0,1.0,-0.3694277182286294,-0.9322451313089567,1.0,1.0,7.183662010993102
1.0,0.7900872931896803,1.0,1.0,-0.2508676255927394,1.0,-2.8444806370099345
-0.43947155009305683,-0.9750822270802724,-0.08485769756586736,-0.400137238714678,-0.4435899359425861,0.3425996217219106,-0.23661109089053922
-1.0,-0.3377960682042922,-0.2536645891865252,-0.45682482339627906,-1.0,-0.6985418091128848,0.09518686497380036
-0.6143593510859827,0.6188053005962595,0.37124561593794403,-0.7525478460795324,-1.0,0.027522895799890312,-0.3154972434419835
0.6101375746143626,-0.7280520611230286,-0.4175564879286793,-0.35412310248510837,-0.07088957080484318,-0.6582856288175198,2.1013144654862375
1.0,-0.1961079058549548,1.0,1.0,-0.463879781916799,-1.0,5.5648071387207185
-0.4766700871615176,0.03915510543471534,-0.40248458354473693,-0.07875728886059047,-0.22102420565209746,-0.5925264495060094,0.5233687058533991
0.511174322852099,-0.2509780157822412,1.0,-0.11678053202315603,-0.7208781583747992,0.625226659370524,0.3466528621533946
0.9266877608365736,0.5729844888755742,0.003629975030875865,-0.5168373991483557,1.0,1.0,2.5380799109450214
-1.0,1.0,-0.6003609224170281,-0.022762150001689463,0.20659923801403957,-1.0,4.621359572647161
0.004129670463624502,-0.6285737661697345,-0.7706750556258637,0.3715204785393147,-0.43467442543945445,0.8499836080469892,2.876729940501466
-1.0,-1.0,-1.0,-0.9088213267716279,-1.0,-1.0,4.495978844325736
-0.8781895502711357,0.7911634556780849,0.3303790893986501,0.814888361483268,-0.2211963499271526,-0.6221799022267432,0.40273881578500803
0.5102268499097935,1.0,1.0,0.8503680937444547,0.6225404170898365,0.6150620236252692,-6.582381910053522
0.9644023848533713,-0.9185079888657193,0.8421110503543499,-0.6881442988983972,0.2934470212678729,0.0012261217868729801,0.8365237548281063
-0.5135967935080981,-1.0,-1.0,-1.0,-0.905231800585909,-0.7271498734206667,1.6530508106934994
0.3879687611598445,0.8870578962915225,-0.2646198122304251,-0.5495573117853115,0.764237113791397,1.0,6.31062866013643
-0.48613380838215514,-1.0,-0.6126870292658029,-1.0,-1.0,-0.07259398871200173,2.101538650500547
-0.5035925466288536,-1.0,-1.0,-0.9392668610638151,-1.0,-0.3534954935202712,-0.07031220956794132
-0.6895658049099415,-0.7243866093442801,0.16724715979697669,-1.0,-0.0071407204778917155,-0.3781822331314311,1.8722403989927536
1.0,0.5635068271319882,-0.5257037658066835,-0.9691931039488332,0.7304148340316776,0.3150601864906766,0.285759083229321
-0.32956678616837043,0.0591481062617914,0.03341911540086784,-0.4649676813359982,0.4055400688871781,0.7898617561067132,1.3278955426185068
0.5035638365422379,1.0,1.0,0.8190861746569591,1.0,0.7813936419519776,-6.974722993189964
-1.0,-0.32451370075626973,-1.0,-1.0,-1.0,-0.7323676648452613,0.8439440675271693
-0.4391379672500396,-0.37444639787635176,0.656821334545946,1.0,1.0,-1.0,1.9303905433324604
-1.0,0.4827687817213147,-0.8334933489074685,-0.0329626740124902,0.05275908387743,-1.0,5.276268931957119
-0.4296579128476799,-0.6191566973460743,1.0,-1.0,-0.15776438995576214,0.02177231868595475,-0.5703071331004745
-0.1610260678076428,0.6185392078190004,-0.5118729091113203,0.9855099616638547,0.9532882573709073,1.0,6.1634447944388056
1.0,1.0,0.44489865801285194,0.4621161689389861,0.5381807994048917,-0.11606000056855248,-2.1453952594935735
0.07974970943820314,-0.5413386949121449,-1.0,-0.22232039910483792,-0.6589924978205234,-0.3489737987777476,-0.1157020105988456
0.5059669303228914,1.0,0.6195926703848817,0.6660746920612268,0.577692841516459,1.0,-0.889987104709295
-0.7855671942208207,-0.26645047844412095,-0.49852815270415696,0.5235631341965896,1.0,0.7500367944870494,3.9842655287937827
-0.6168069930708853,-1.0,-0.7574173235488255,-0.21873083113829273,1.0,-0.35501083819280305,-0.10598845341860352
-1.0,-0.15404080618424004,-0.7067346847912472,0.20173689833846703,0.5658859273687555,0.4919654257960165,1.4592725318679887
0.046147587307942904,0.5170024099017311,1.0,1.0,1.0,0.7260621282539184,-2.1490598213346037
-1.0,0.14870492082655395,-0.06572869034915868,-0.09587048420063532,0.7920758365319841,0.5988970563806919,2.7966068884247157
0.1535379771362163,-0.550331963067317,-0.2632990999712417,-0.7138336963317723,-1.0,-1.0,4.638541446349134
1.0,1.0,0.6649616834802264,1.0,-0.4072125410013573,-0.6024570032466745,2.9257279695129594
0.7194231800557196,0.9668865981700253,-0.9181911480632539,-0.6070432624812458,-0.8939849283016428,-0.9536498553906727,4.586011354348867
0.2630763623795686,-0.392957606839977,-0.025726388783771204,-0.0867353253164947,-0.4387333533145184,0.2074258180708451,0.09171460785631291
-0.3016865340113048,0.3182111153067738,-0.4678200540750058,-0.8836456459771664,-0.5758155971303427,-0.62373348745452,0.6192653474467231
-0.2750227185240266,-0.04764926558219393,-1.0,-0.01988658071855831,-1.0,-0.1269890978212176,-1.8451226309176505
0.9891673254518457,-0.4154825793191981,0.419006921671653,1.0,0.0551396022963585,1.0,1.6197152546744074
0.45276276731365916,1.0,0.2962641612425765,1.0,-1.0,-1.0,6.971273009266461
1.0,0.9356397150579676,0.8805825509404559,0.5076986180098431,1.0,-1.0,-3.9807440118470323
0.9399176421285288,0.8472267957748654,-0.031053814060464813,-0.836090967625654,-0.2823108060418309,-1.0,3.5665861927657043
1.0,1.0,-0.9756151516042869,1.0,0.41291719117443,0.07991760565037809,-0.8580774508066515
1.0,0.056394894456036126,1.0,0.8307040729867049,-1.0,-0.3949375013481531,5.013570459658814
-0.9016609169594668,-0.5894021770682898,-1.0,-1.0,-0.5061381583995921,-0.22432216572355768,-1.269948511367637
-1.0,0.06845443112848432,0.7760401282547681,0.5737475159054466,-0.40482876481865016,0.19475348049881458,-1.4708256209452446
1.0,1.0,1.0,0.821551590203672,-1.0,-0.3251281748679171,3.6449947100061437
1.0,1.0,0.4052578756788847,0.6292474103342227,1.0,0.9690611377855556,-1.8644672170125238
-0.14980516229488017,-1.0,-0.2094697619550951,0.2575203222602096,-0.16225870326004255,1.0,2.5090235658704017
-1.0,-1.0,-0.3883862174356343,-0.4739897988910289,-0.6499010780035115,0.11176245472068667,-2.3859966970308593
1.0,0.218907927171202,0.9530888971257521,1.0,1.0,1.0,-6.291180160996851
0.8186100878013831,-0.66664118374362,0.6227162072386243,0.3587727055330484,-0.8370081939216459,1.0,5.8018111053080155
-0.8453751112968132,-0.2547009415729712,-1.0,0.2319312415338266,-0.16823192080135235,1.0,5.896499955501293
-1.0,-0.8400689700093475,0.1796599876883035,-0.698126057763514,1.0,0.8986264162752071,2.274421025001643
-1.0,-0.5901785740083263,-0.24885795171561842,-1.0,1.0,-0.46779339317978974,4.855823060986349
0.11655091972018183,-1.0,0.02861013610193236,-1.0,-1.0,-0.3028015671515647,7.6915769182971045
-0.0600495595567522,0.40362513627010344,0.6835927287356427,0.7274002880442413,-1.0,-0.9549300923485595,2.317717146193003
0.781329791882603,0.1567274326174437,0.9752259653587856,-0.5232007192155688,-0.08766767713776141,1.0,-0.4570713643403863
1.0,0.40173678105135036,1.0,0.769407195707356,1.0,-0.8727119455539419,-2.314012774073583
-1.0,-1.0,1.0,-0.07729794031888376,-1.0,-1.0,2.744467523990547
-0.04840016505939962,1.0,-0.2942592231909563,-1.0,-0.29860550515651463,-0.18729171113224352,0.7954162395539993
0.965584295595305,-0.2085821254914778,0.13747788085994303,-0.5855239786450113,-0.3583194675097041,-0.015472810424961736,1.0267094463392124
-1.0,-0.390051531159165,-1.0,-0.6364785594798426,-0.33195523553575157,-1.0,4.362201454706874
-0.24590103209706893,0.5606379200012493,1.0,1.0,0.34578560635587097,-0.36497569831178966,-0.7396767296858381
-0.11757893737944602,-0.5065295443146092,-1.0,-0.9518343331731474,0.6053661302137192,-0.3213994209709943,-1.3267786689981205
-0.5381836550343255,-0.25323961877287804,-0.09649588728263714,-1.0,-0.7771928511859675,-1.0,2.5550369157250206
0.5111965150774749,-0.2746448714875254,0.506649016813117,1.0,1.0,1.0,2.3103001735058624
1.0,0.21292836595493747,0.6574732103496399,1.0,-1.0,-0.8852689400800086,8.574965013648269
1.0,0.6350541740751419,-0.8627618695717953,-1.0,0.7338322813688758,0.12136775604304217,-1.6742539458696577
-0.6355379189606372,-0.7289730784169917,-0.7602936308769737,-0.9006144727181464,-0.03624728767583352,-0.14670646179058255,-2.6707535583677418
-0.3972998563532919,-0.5012467643763868,-1.0,0.18037950634537903,-0.47974868400280657,-1.0,3.233676781151557
-0.10534624986044205,0.280254058597794,0.04727042451218133,-0.2944614773625174,-0.6675147076841419,-1.0,1.412460004844955
-0.9894651604350819,-1.0,0.15121647911975988,0.09249617636495061,0.1497865419617485,0.58851036495205,-0.47702585544081993
-0.6696587331108432,0.24260433927266623,-0.6512725589419441,-1.0,-1.0,-0.2862663461610333,-0.2398288398614778
-0.6646359289637946,-1.0,-0.6774155435752081,-0.5957079246261139,-0.8846756498493213,-0.5854159504186627,-0.5148121787164698
-0.6759749515884501,0.4882729542891304,-0.7813631369384912,-0.3686601929740764,-0.2474861907225241,-1.0,2.4689452696760767
-1.0,-0.8796686676715837,-1.0,-1.0,-0.9937689397581784,-0.17817880732846336,-1.7988162625759148
-0.5576299571728275,0.7580666124086318,1.0,0.053516476854728046,0.9610301440954299,1.0,0.0002154118535572097
-0.3903955373888308,-1.0,-1.0,-1.0,-0.2886330778229155,-0.7035437334692014,-0.12060107293017336
-1.0,-0.04796828058261826,-0.683197765845226,-0.3559892834208478,1.0,-1.0,5.747457501436221
-0.1748865444635389,-0.16585284337203032,1.0,0.5330651461741621,0.44892660052224376,-0.8142469139227809,0.9274542644069808
0.38313233105077593,-0.15415593791883542,-0.9969887901227047,0.22155563180791998,-1.0,-0.4865957856993244,0.8761288845307685
-0.8630960293783481,-0.22448075087326658,-0.5243975442954723,1.0,-0.023943942943222662,1.0,2.1432446766906827
-0.488027399448242,0.09450574602639258,0.27067396808820665,0.4909742221303435,-1.0,-1.0,-0.4208509692024761
1.0,0.511530392055374,0.22358573118607827,-0.5907950958717307,-0.7410531879216532,-0.510399473251339,3.063655810471694
0.02891382399824427,-0.5573973072441831,-0.587199563509752,-0.913412155830126,0.2864603194053559,-0.8114584465285736,2.9482829839356985
-0.7875598133943883,0.04311290072753887,-0.8601881775467042,-0.4465016910249151,-0.12342855865363667,-0.18351378523609843,0.3495352239929167
-0.6795756425800391,0.20049832770027753,0.9134819701898461,1.0,-0.6021521731583177,-0.15076915082379633,-2.3985236540470694
-0.5668919980978611,-0.10450513957002094,0.3249719062293588,-0.46181764688715654,-1.0,-1.0,-0.02647303544099323
-1.0,-0.1667152008816064,-0.725611282831601,-1.0,-1.0,-0.9558127570852205,0.8425960709442186
-1.0,-1.0,-0.6077834048745505,-0.6746464446392789,-1.0,-1.0,3.5996679094654453
-0.5984750980670063,0.3032971059604613,-0.0843725111292728,-0.5258404482911107,0.4812113977032072,1.0,4.382661284864417
0.13698227254825013,-0.1699556206980109,0.3486133111228689,-0.1920604538568199,1.0,0.7226136361472841,-0.26181835476037285
-0.5493655789431636,-0.8018761938143371,1.0,-0.3677318382163643,0.622936522759531,-1.0,5.862701720870519
0.3373330972075671,0.12741483992254404,-0.9285797413735167,-0.6757449840247436,-0.4079370335528698,-0.9101500747925776,0.9193881687917944
-0.1093283723480229,-1.0,-0.650219074798126,-1.0,0.0832560844603048,-0.3161034239873224,-1.4561113466531292
-0.16866412816199983,-0.7376537828350418,0.08695767818063005,-0.6578071530377172,-0.5593303391984628,0.5202575943785015,0.639994769123551
-1.0,-1.0,-1.0,-0.3379719266371797,-1.0,-1.0,1.1069053500881907
1.0,-0.28005745924847897,0.16310859923701512,0.8452096726380247,1.0,-1.0,-0.39613988723890475
0.8932742871372209,-0.8676630215972843,-0.058585028000377876,0.7381798969864329,-0.05292471991343206,0.2603114617062328,0.7255801034015819
0.612174449149963,0.01394113753482984,0.9950966436322148,0.32561166952879517,1.0,1.0,-3.8568510466884582
-1.0,-0.45442788616838237,-1.0,-0.7405109278684952,-0.49789766733975993,0.46879042900991597,-1.8192206104889561
1.0,0.6759424161164097,0.16854140615509827,0.8510099391567493,-0.9111847448549122,0.4150088218953859,3.2539123457600203
1.0,0.9586306655319887,0.6791070169921862,0.972600831341746,-0.290270571565447,0.5252640260197793,-0.7823342797631028
-0.07950310491898166,0.6597200999543821,1.0,-0.7386847418325032,-1.0,-1.0,-2.23795288058707
0.12864562675854574,-0.751947161549802,-0.20008844306343487,-0.05649972969441741,0.059698300381237135,0.3954764938705133,0.34493524862175134
1.0,0.9936061343478627,0.6859852076658242,1.0,1.0,-0.8532766252254999,-2.0836309625357803
-0.33401439768319596,0.07153375491292835,-0.05405352429814503,-0.8410326255616392,-0.9689691647908534,-0.6693352472254104,0.09358699292303574
1.0,-0.15913236071633846,1.0,0.17347053388035083,0.8653991157011941,-0.08242257153702376,-2.900328975162766
0.7172585160998621,1.0,-0.7376722627065382,1.0,-0.6232537900244319,-1.0,7.960599775841187
-0.6100898043760467,-0.6712247333295969,0.27651015790380223,-0.13726410135203337,-1.0,-1.0,1.3336958910319525
1.0,-0.45876960225460883,0.6607170628471339,-0.1053870809248017,-0.6205905124826518,0.3527892935339849,1.4456149845438204
0.9870781364276071,0.5403812269045338,0.4775526407279165,0.6685323196354129,-0.8229872338650187,0.5991568836274164,3.312690133428929
-1.0,-1.0,-0.40183744939586297,-0.6288507005567672,1.0,0.404453239902964,-0.1669271488919687
-0.6503158709329893,0.05004625550790533,-0.054084013892049754,0.9632546397428923,-0.28912444992897246,-1.0,1.6184062524478824
-0.6284343627411808,-0.6574640776663432,-1.0,-0.9592745080452154,-0.05167339784558263,0.2795500211654065,-3.3250037993816375
-0.6040981444069315,-0.9245474434607319,0.06648522176148108,-1.0,-1.0,-0.6966957622713656,5.67765330857505
0.30104755123614024,1.0,-0.21353708413182368,0.30448418922963083,-0.028921180993252527,-0.871211984420441,1.8705736795966441
0.6590404964794642,0.5329724639191766,0.9843393493079542,0.9446438873603769,-0.21407370948058535,-0.3232821961163985,0.7237555195952672
0.9481191878117532,-0.9216506165868604,0.4936004570442645,-1.0,-1.0,0.3063492628361466,9.741432012877144
-0.40546254401133397,-0.06577750479207001,-1.0,-0.30460882528635536,-0.08989402044679862,-1.0,5.469484647289485
0.03348361251447596,-0.022268020648859133,0.717616391536305,-0.26342970118119946,0.3630132389276259,-0.7402190457371538,1.2571313535199549
0.5420800327491377,-0.6701042524017248,-0.9097215388670733,0.896478523224657,-1.0,0.7006110936971177,4.779019834061997
0.0620927042023629,-0.6046359958363074,-0.6155983569316965,-0.3401485530391443,1.0,-0.2130683258730064,-1.6323462784586695
-0.627225294984044,-0.5267087333788033,-1.0,-0.8100662447750276,0.20075230829489743,1.0,3.4383475744881817
-0.6192942219930686,0.122151590292088,1.0,0.6592816775164783,0.924425533903398,-0.7462703042682264,0.3014602130229361
-0.32287785008784575,-0.5666636917385008,-1.0,-0.3799626452746123,0.789229673840518,-0.3452358485004167,-0.38916534716881196
-0.4570223353907095,0.8610764058066956,-0.6319959720626355,0.6275664764737903,-0.369180479174568,-1.0,3.2521951942168346
1.0,1.0,0.3501590243757189,0.038281900736576446,0.978669014628341,0.5992332021149933,-1.663403255278698
1.0,0.0665264183523678,1.0,0.4901169417420881,-0.3317958818085913,-1.0,4.976965508223083
0.04954167418577393,-0.8063442421675187,-0.03201237697477777,0.9662449643273852,-1.0,-0.1032529193005911,2.3343397521629967
-0.5611967321771874,-0.8844686666363671,-0.655941881494282,-0.5308592702801874,0.7545270578004091,0.17376227378950337,-0.9920383522695652
-1.0,-1.0,-1.0,0.0062110549631880785,0.016054471286925054,0.0812639100319027,-5.090455101621841
0.5482722675939485,0.42799031759163586,-1.0,-0.9104026063226733,-0.049638068104187805,0.6540923338629063,2.497422961928359
-0.926849009791891,-0.6961623158932487,0.5317401558237503,0.5991457527868427,0.08343748510996307,0.8945381455348069,-0.9714489245336618
0.908474623086681,0.032636824847949164,0.4046132550272556,-1.0,-0.28311067384205785,-0.2826492648123188,1.402338953767076
-0.5538532601348504,-0.791124200372429,-0.27638487899352393,-1.0,1.0,0.963737976018779,3.107012305913715
-1.0,-0.07455602739114253,-0.02869885814147788,-0.6134071255909845,1.0,-0.04716606328261608,3.8986707840425066
0.40782997380704916,-0.28528388551554545,-0.5883888726712772,-0.8674379340215558,0.033040556776040564,1.0,3.375713819793859
-0.6268871902005841,-0.5114105695911491,-1.0,-0.5875702259449904,0.14785019738589067,0.8300083118925194,2.926302408014309
-1.0,-0.33009511581176065,-1.0,-1.0,-0.22946408636855198,-0.539366318758278,-0.7743390583160972
1.0,0.4570431252832532,0.39765778565677057,0.1519395575514267,-1.0,-1.0,7.170254951142231
0.8606650305973422,-0.17789404148266819,0.018970424028843857,-0.01844738483509123,-0.8490522809547956,-0.603065286036292,2.843840281269845
0.7010671478125032,-0.06178616149858718,0.6864370025142305,1.0,-0.8637550065839212,-0.40194998006823535,2.5174645536922418
-1.0,-0.6324577415286288,-0.6844969294117792,-0.7945107140198533,0.9590986685532662,-0.6432559309477328,2.5020341150903462
1.0,1.0,1.0,0.6053635291760662,0.056818704905991724,-1.0,0.9639037337394832
1.0,0.21485639531421796,0.027126961897464552,1.0,-0.9066655142279121,-0.3157290628299314,4.015740428083868
0.41892155984091495,1.0,-0.011133529440236711,1.0,-1.0,-0.202550950905132,4.777531910437331
1.0,-0.1449415784896953,0.5468917664001363,0.20711238504488783,0.9398796550394726,0.8211741586045899,-2.3060285894181134
-0.28972218878215916,-0.5764430001774316,-0.5028377114288635,-0.2806338642784153,-1.0,-0.40488237352149,0.4191099727748383
1.0,0.7389282809217117,1.0,1.0,0.33213961343152537,-1.0,1.315539816039327
-1.0,-0.2622459610459358,-1.0,-0.32716984717529307,0.8904318253074264,0.15879202654919933,-1.427588546161977
1.0,0.0611612697543128,0.2814754070577261,0.8042291975425734,-0.5835229445272286,1.0,3.9436943497440993
0.8215244173599965,0.8857719748652446,-0.4989257255083408,-0.03502622823313582,0.14377221435588028,-0.8187190331008545,0.6984851071985616
0.1845361493946408,-0.6710919275762903,0.006687216155643494,-1.0,-1.0,-1.0,8.291684996928685
1.0,0.3844278140230467,0.5773826479320506,0.44059891895850684,0.3335429228738722,0.7284703397368257,-1.1631634271928875
1.0,0.540286158833849,1.0,0.5130800446265089,-1.0,0.60352249927342,2.7973023661217504
-0.30447942048888055,-0.9449617391544882,-0.7467152656127979,0.9958015206875448,-0.1575047516318443,0.7871852501919829,1.2808430447813308
1.0,1.0,1.0,0.7319544415842816,0.5908031309502152,0.037300883369888016,-4.866580837039877
-0.2954437657017272,0.32377596939073755,0.5748076725091135,1.0,-1.0,-0.3063854010701351,-0.20829343105199175
1.0,0.8260503298699342,-0.2131162521696447,-0.7944371404798802,-0.6683408361799704,-0.870332593559437,4.61535993667563
-0.889448805898638,-0.6750176375105921,-0.48633222567737233,-0.1497562450052986,-1.0,-1.0,0.6430974596183034
0.9797928123838506,1.0,1.0,0.9218968359477984,0.5884143654682574,-1.0,-2.0950219490595874
0.331248393642148,0.9637834242856522,1.0,0.6935698654219999,0.5369716821693327,1.0,-5.174081926102617
-0.4134171736863808,0.2561441726539302,-0.24201575317026816,1.0,1.0,0.42291906869849505,4.198736858802125
0.24329786315220686,1.0,1.0,0.7801844318428258,-0.1543030792855069,-1.0,0.6424857212701196
-0.2538814873258072,1.0,-0.07075462142760203,-0.5698742841699196,0.8600728557266026,0.5397695533471996,3.2893406335244673
-0.7757359916391411,-1.0,0.270779721917789,0.03783714292361784,-1.0,-1.0,2.141404987292292
0.23455832132950244,-0.37355109884825155,-0.9225965232433839,-0.12828742319188574,-1.0,0.9017162597356968,5.277315304509666
-0.9916173796389482,-1.0,0.8937562012174456,-1.0,0.3846345537381125,1.0,-4.599082696488323
-1.0,-0.11099288747822134,-1.0,-0.06260336339837491,-0.24776913943756762,-0.7952165540101513,2.681857444208147
0.06264233114396975,-0.25696269546061595,1.0,1.0,0.3843175190918233,0.37145781717874676,-1.093400839670866
0.9838499763867052,1.0,0.2988586832327427,0.6199448547668323,-0.38727054151671103,-0.8645271275103568,5.118564867502943
0.01874107155548413,0.5037453474803363,-0.6903375281124047,-1.0,-0.9124769135755291,-0.6446403841909198,1.0696622644718767
-0.28196908255215347,0.2041496634838138,0.9315629449427412,1.0,0.33840966293753305,-0.2611402838274356,-1.0086271812924166
-0.35091174216671606,-0.3027607058910182,-1.0,-0.5063531166398243,-0.5723082854847918,-0.2570259310558658,-0.8437396160742667
-0.32183039681416725,0.7481472484277767,-0.17811715740854772,0.3092148599891057,0.5590666911390672,0.39272779779517575,1.3416924508108001
-0.4239526967831818,-0.5580898721190835,-0.41748101964513995,0.9941713032980765,-0.5384685792325603,1.0,2.7785643179810204
-1.0,-1.0,-0.740700607182579,-1.0,-1.0,0.3336594399148661,-1.7897068385995567
-0.09050909736886781,-0.46929012054547603,-0.8779932602699663,-1.0,1.0,1.0,3.815559068699059
0.003609507041215987,-0.6902575321337661,0.3977870879428511,0.7856175898624664,-0.7645980018445978,0.6142951480703411,1.2478640724508794
-0.51774996220378,-0.9331287662724499,-0.13279782462227607,-0.4122981643479818,-1.0,-1.0,3.984152399879083
-0.6863077398438342,0.6646831224124613,-1.0,0.23560461476134384,-0.4349251363669431,-0.7859855126485129,2.6773455921725304
-0.28406756194765226,0.4223299209384233,-0.7893658494557896,0.7653484059028772,0.4213890808111077,-0.3092176284861401,-0.2010320769308933
0.48583708485640686,0.1459555119673296,-0.0996171394842442,0.22681533252935737,0.427977991004818,0.20908235644947182,0.5369111399617459
-0.16723166440905612,-0.38767136820355796,-1.0,-1.0,-1.0,-0.4060267026814557,-0.04555975753024921
-0.09233922425991517,-1.0,0.7014337547340622,0.05243871822203704,0.7006293945385637,0.31869672474046107,1.6280892108851996
-0.43332108102338807,-0.19886441524096526,-0.17647902432067808,0.9531011981479804,-1.0,-0.5085048044609821,-0.5561093270279971
-0.9276136201704374,-0.7500293882851742,1.0,0.34067109848702404,-0.4183779957322691,0.6843830768091564,-2.812594423144791
-0.9351319971451968,-0.3876223923474728,-0.29254598935416254,-0.026719135498205815,-0.9648763908944632,-0.11559080037934422,-2.9187354355929673
1.0,0.15039644370121863,1.0,0.11794849584723188,0.7389992520734008,-0.05335309636991947,-3.2263739957678856
-0.8861242452914755,-0.44428503520823104,-0.36419360317208715,-1.0,1.0,0.5047502239559338,2.5814759240568614
1.0,0.5202416266227088,1.0,0.14150527487345932,-0.8747614502305425,0.6537704891500127,1.8848155371226287
1.0,-0.1595882558245989,0.6586697101110525,1.0,0.7439042816198144,0.3866304013970654,-3.0648238170505047
-0.2086588991970889,0.1739714711147965,-0.7075974340118765,-1.0,-1.0,-0.1292688734927978,-0.4079939404969257
-1.0,-0.7434354095844459,-0.45129136557383165,-0.9770091236108653,1.0,1.0,3.416733556558162
0.0628595763047573,-1.0,-0.5673421698492823,-0.43107433363607206,-0.548767824149059,-0.5822844170408998,0.6898019727738011
-0.18801572320921967,-1.0,-0.28587890877224376,-1.0,0.0478792853369604,0.14316113448164358,-1.2650230415460875
0.10649304745574434,0.8310876369597051,0.9257030878695495,0.8850742345387047,-0.4627773521439749,-0.7967701263743084,1.0179135238245407
1.0,-0.6001921829597829,-0.1794046611614744,0.7030988790210191,-1.0,-0.19973341243901221,4.1749706895522145
-0.7221623435732913,0.8951864428289192,-0.15500115310412116,1.0,-0.9427289092934927,-0.9441889482111872,3.3242190897848234
0.5055626501612239,-0.9397020001908252,0.15778632882345225,0.2584512166906322,0.1316883433870557,0.1243804558855941,-0.3343073110911019
-0.024565667418317227,0.7770623231512426,0.20612348731846475,1.0,1.0,0.6520729264079235,1.330278253692042
-0.1364218696841062,0.15152320340797065,-0.8021181499064991,-0.3059404175697253,-0.06023791500278519,0.7901720910129311,3.6424247133828276
1.0,0.7812477324412239,1.0,1.0,1.0,0.20840953465636747,-6.929861849912231
-1.0,-0.628118013199352,-0.7719685860798584,0.7483316554326631,0.6495265758746278,0.778335591537507,2.3369803326428644
0.8609690010248479,-0.23525358174429678,0.30606781477743616,0.236495549614065,-1.0,-0.8309729903141756,6.526223776907501
-1.0,-1.0,-0.8797072935114769,-0.8827955302338257,0.5216151868859867,-0.9468516790511192,2.938178143514625
0.6759001281427599,0.5361309541913799,0.8483262830032401,1.0,0.3638200335914994,-0.7771981220192192,0.5945198872357961
0.6027570675644811,0.8077483014306984,0.4929907545424271,0.9336069497453331,-0.7879415516299633,-1.0,5.898262196203808
-1.0,-1.0,-1.0,-1.0,0.19129481799223202,-0.44005610812860285,-5.6290355669742675
-0.35827073369443807,0.15595289355759856,-0.07116229541185479,0.9061349038987979,-0.7927634455774142,-0.733289568763775,0.9004833250801021
-0.7964832927940331,1.0,-1.0,0.003902820547536101,-0.6360413304349607,-0.28683360882959374,1.1956211593096127
-1.0,-0.9265398957926911,0.5611079309352445,-0.6014539610955174,1.0,1.0,1.35825603956894
-1.0,-0.46467973238582083,0.5345646779226426,-0.5077507445972809,-0.45081516141411704,-0.9650735865187661,3.089494574655758
1.0,0.015611407904811303,0.040799974260934624,1.0,-0.37438341412288145,-1.0,6.870008831518115
-0.24399734398637662,0.005051186636900212,-0.5277487187367242,-0.9082565869333634,0.16910559198704872,0.12447033307630362,-1.0117812944456133
-0.26637620407023566,-1.0,-0.7608716344487965,-0.16684091136258944,-0.36769575847631536,0.9414367028633617,1.6963359226234271
-0.07636244571130657,0.10179243860190168,0.7544108251454511,-0.31398814804279085,-1.0,-0.7701546811425186,0.49505196361349496
-1.0,-0.9088944046976055,-0.4025849809691693,-0.6443399069586193,-0.5793943971027747,-0.48741979340910296,-0.061426005637062325
0.17421293513879077,0.8678444060270164,0.1960176020812627,0.16548088998354493,-1.0,-0.2027311616558909,0.4464904727021925
1.0,0.17541455347971824,-0.04007341661811692,1.0,0.22540783847572327,0.46557531007555597,-1.640070702597464
0.6952324602823743,0.42161699055153257,1.0,0.712251622763815,0.22830911249283353,-1.0,1.196414768679646
-0.21013962778729753,-0.8292749643840946,-0.8644129615651939,1.0,0.06172882208333297,-0.6235364865246008,-1.8496665370929608
0.08355332756071193,-0.7011278246992454,-0.6524072294662576,-0.35415005437471003,-0.5007167987361246,-1.0,3.1362111728412745
-0.07460788677830027,0.21794601272639463,0.4030407999149643,0.1986694011072142,-0.16930154563497435,-1.0,2.087292083938756
0.246026715350817,0.9907276953392494,0.4991852938712996,0.9729871090256975,0.6282916328142554,-0.511196722264315,-0.9183810997376453
-1.0,0.902242016489056,0.2158876946396403,-0.40287142445963275,-0.2762532251571365,-1.0,0.03383683888756989
0.1988765560253789,1.0,0.8018349269561809,0.0003310783025245456,0.3344905616973163,-0.5143605011285693,-1.7010530384505365
0.3263510825112103,0.5127785320519933,-0.05402038762948391,1.0,-0.39360280202304576,0.9212476233417839,2.375315325757335
1.0,1.0,0.359315350722513,0.15338561217776558,-0.10640264413264577,-0.5730519856664005,1.1077256504446273
-1.0,0.19360028892627068,0.18131416309793544,0.4583510248003119,-1.0,-0.0053667172818328,-2.7345332929064075
0.5163673010237275,0.14639008818440485,0.27474511812147984,-0.938041781968439,-0.36449091962224106,-1.0,3.463595296591948
-0.3427363350047021,0.1375372831793641,-0.6734977472082037,-0.6562212247778866,1.0,-0.3034030928423077,0.5135368398376015
-0.6075643638817534,-1.0,-0.6169932911799919,-1.0,-0.7161188820060678,0.20496019390404743,-1.5612173721570568
1.0,0.4187699955990313,0.20236833702434498,0.48082553379569115,-0.5540024690469811,-1.0,5.946442625220423
-0.9815462395061034,-0.30962060431049726,0.06465930006749876,0.014816262587706899,-0.4823728544766208,1.0,-0.30473494240454113
-0.4435765577298157,0.05463162235264046,-0.4579049878111121,0.642214544066794,1.0,1.0,7.244352757487328
0.012228041896599762,0.8014937554070144,-1.0,-1.0,-0.27851179507787416,-0.016283138782648726,0.9220024034112225
-0.5271964910215887,-0.5858303993902185,-0.11219591374586368,-0.31923074748215174,-0.05637356765197249,0.15309203133695848,-0.7619389807043183
0.3962173037577691,0.6949873717822271,-0.47882033467043084,0.6936014372868861,-1.0,-1.0,3.471839121005792
-0.9235223415318067,-1.0,-1.0,-0.2354492053549908,1.0,0.7204094417378022,-0.9069582366281762
0.42891467536176076,-1.0,-0.7358102154036962,-0.6618831429722767,0.10347677934467026,-0.6684024890541983,-0.44071877242225055
0.8241960272648072,0.9998999524395081,0.05037127801677199,0.704285399516809,-1.0,0.25670196595585815,3.799580856489059
0.2807116558278202,0.13013298445416438,0.016672154932390094,0.6267600595667175,0.08561558180279949,0.14979824583779633,-0.39440690687030655
0.8659152060674902,1.0,1.0,1.0,-1.0,-0.8107425463700746,5.924790359324923
0.19773084311284106,1.0,1.0,0.9523326769524083,1.0,0.04065363635818131,-6.340132473700191
-1.0,-0.4361993581279575,0.19437129597480174,-0.29369442274358626,-0.9067533573058288,-0.3055225243926665,-1.4646224778813637
-0.7224136806511952,-1.0,-0.9222810580842392,0.03995883068407968,-0.15388443264043633,-0.9525915007080212,2.4380391690148593
1.0,1.0,0.7229928844921261,1.0,0.7665288372667911,1.0,-5.284856459427127
1.0,1.0,0.08334339731851292,-0.07042122132751855,-0.41911622834331763,0.2719705834733822,1.272065400364276
-1.0,-0.8080617467959659,-1.0,0.19075332825415825,-0.1392974434254668,-1.0,3.7977483250874644
-0.5646945739568914,-0.4564405574570455,-1.0,-0.02055846529044536,0.37235985650510683,0.43892073618784755,1.4183965447316553
0.9332021531535557,1.0,1.0,1.0,0.46905977388364833,1.0,-7.65244322439487
0.12299021612558836,-1.0,-0.5264918095971177,-0.46387103455524503,-0.5412019718804802,0.8169617371588993,1.3211235184408994
-0.029619257133221777,-0.4093654554287146,-0.04510230999031656,-1.0,0.5828574235724817,0.9706113602243569,1.2795162245205587
1.0,0.32080631999860865,0.3171584545583802,0.9046439983946859,-0.4542544056990978,1.0,3.1298041029201404
1.0,-0.23033001183896268,1.0,-0.465851395949394,-0.813934245536104,-0.4803570056595983,6.050675963709819
-1.0,-1.0,-1.0,-0.6326600940583551,-0.08915807170159729,-0.38523317360597903,-4.370736189274708
0.8388417067637818,0.40146456393550656,0.8055392181753902,-0.48443070568892255,-0.5129141974425068,-0.5006166660399347,1.9712583178851077
-1.0,-0.5822894631350961,-1.0,-1.0,0.9260843352438717,0.5659467710888406,-1.2570756289482405
0.939802386248735,-0.2129558322759011,-0.4250154387044455,0.7059024209169696,-0.9255344123394729,1.0,7.147741836239839
0.998002407747208,0.41413003588109065,1.0,0.748954558132225,1.0,0.0901431452381454,-5.7424003136694735
-0.5541045039059381,1.0,1.0,0.043736104697332134,0.9128993338277348,-1.0,-1.8611933175293625
-0.7309985505930792,-1.0,-0.22789068754074193,-1.0,0.08305911604162003,-0.0074743847531678065,-2.1362235585077762
-0.2692976751482141,-0.0022246675694503892,0.43754643450756886,0.7407931644793453,-1.0,-0.5807626240302458,1.020106835748098
-0.7470627607327177,0.2364102477167911,0.7528465567746289,1.0,-0.11698844883078674,-1.0,2.7314049720079425
0.5846899031421743,-0.6820763253562627,-0.22817535214339346,-1.0,1.0,1.0,-0.5180355356700357
-1.0,-0.934420870815935,-0.687372221487046,-1.0,0.434668748538394,0.9648874659314945,-1.6437546632685796
-0.5474884491040258,-0.735305256292243,0.16125020856370498,-0.34575635281522965,-0.5559137632131277,-0.08011186481214683,-0.38855712310229346
-1.0,-1.0,1.0,-1.0,-1.0,0.401695051779414,-0.04742409448792077
-0.1304103305072093,0.14406597004338073,0.054551681015623965,-0.06843458356782761,-1.0,-0.6012810820314567,0.18412063222081462
-1.0,-1.0,-0.025046212888752972,-0.6695156708444894,1.0,1.0,3.1525147309460984
-0.4150432922462463,0.25389891506177764,0.18097783135280054,1.0,1.0,0.21276982042029274,1.6321517719042107
0.8066830434336234,1.0,1.0,0.8645303997195193,1.0,-1.0,-5.102329694434202
-0.9771343008135384,-0.5088841844899212,0.047637997705208046,-1.0,1.0,-0.9946460289545527,10.328095764292629
0.032865574291166655,-0.6082512613323721,-0.9819336945337828,-1.0,0.948257235188094,1.0,2.286043906511018
-0.9787374560511742,1.0,0.7137794977049479,-0.5609524938502308,0.9799712843407267,1.0,2.028962270538962
0.37247185722811516,0.1701157412865839,0.7699907075082073,1.0,0.7896178520454499,1.0,0.5458085148654342
0.7208027278186381,1.0,0.6039407345206593,-0.6217517476834004,-0.1644846785463756,-0.7850955305889431,-0.320002532717491
-1.0,-1.0,-1.0,-1.0,-0.6938775169067846,-1.0,3.66739723064391
-1.0,-1.0,-0.5882097313010265,-1.0,-1.0,-0.10842906298947508,0.9079956744806129
0.9419944684383577,0.027913372877562015,0.5992903387727866,1.0,0.6088098951692658,-0.20786942951256304,-2.2311464858255046
-1.0,-0.9067749054178335,-0.4137067968080571,-0.5934007639452703,0.29954622950706766,0.26738107606570455,-1.774432261936618
-1.0,-1.0,-0.17164610905457267,-0.8976776540781268,-1.0,-0.18951613914786458,1.6163410045209334
-0.3364684059625507,-0.2236656622659119,-0.16830616023814504,-0.30460311085530667,0.997564241337626,-0.8114617397634561,1.382915792137783
-0.5241987567431353,-1.0,0.4801908084102559,-0.300752945337779,-1.0,-0.32425727679310845,2.846156603160139
0.49458221085420273,-1.0,0.3230509609926084,-0.5717988775448726,1.0,0.255803162437215,-1.7825648136189716
0.43486471683091676,0.9660510935058235,1.0,-0.4514595180031973,1.0,1.0,-1.378977850573832
-0.9532733916827094,-1.0,0.38157583838733844,-1.0,-0.21614689157894984,-0.3102429595254894,1.1558943126580141
-0.7234643415506086,-1.0,-0.26126572746060095,-0.9312388718838882,-0.12564049452437331,0.6762838078355916,-3.21137575303929
-1.0,-0.3040781830303326,-0.248192711513753,0.7934835593275212,0.5330307845730878,0.163909454240823,0.03577217474719263
-0.011290073979141169,1.0,0.0857189103842313,1.0,-0.12157225929957079,-0.7458598953061484,2.3798864970959626
-0.8531509029239375,-1.0,-0.6032306021311904,1.0,-0.6641186825438778,-0.4955667854458661,-4.02014162764058
0.2363260751243913,0.02604268336235316,1.0,-0.17929282508285313,0.10729620102594328,1.0,-0.910821614330926
0.28456942032478394,-1.0,-0.2574466063195239,-1.0,-0.13101383319764245,-1.0,5.886049027339406
0.2385642408949331,0.4304397224208476,0.9289370075686803,0.4397641325288907,0.02534610370363194,0.28649427080745227,-1.3608873015201384
1.0,0.6351069551488945,0.02993525717630552,-0.1557768262183007,-0.7299784559399923,-1.0,5.960239394636077
-1.0,-0.08968494929027328,0.3771643054190004,0.5455559451879073,1.0,-1.0,5.503972678136025
1.0,0.5133561545128977,0.8635560459948259,0.8306112793394274,-0.23478924994714268,-0.6917623217686031,3.43949633032668
1.0,-0.5460961788169161,0.1462813435082712,0.2947035470981806,-1.0,-1.0,9.076275423555986
-1.0,-0.41387390057728357,0.23351705242987209,0.23425499666746058,-1.0,-1.0,-0.7346049409710181
-0.8099145763289091,0.4853707380434742,0.7008856075022635,0.7971096267326611,0.7898552032905712,-0.015546355075831297,-0.8648946749802298
-0.6567531686853236,-0.8647473534263984,-1.0,-1.0,0.019146785601428462,-1.0,2.331341746885269
1.0,0.9961858729819288,0.9277714809877105,1.0,0.6509608463056489,0.03457970083247286,-6.536691775368307
-1.0,-0.1990600529647416,-0.17346437970016082,-0.3902457918327865,-0.4452585586616662,-1.0,2.0850385214309277
1.0,-0.7369464367915475,0.5247945458261608,0.5712062321616013,1.0,0.14764186326533624,-2.602164925775217
-1.0,0.6050716536242728,0.06848759621769562,-0.8962144284728949,-0.12931215808625507,-0.1431063026972732,-0.25835848524115707
1.0,0.6062456399939125,1.0,1.0,1.0,1.0,-7.893450831771467
-0.8573807391860224,-0.11385093537748281,-0.6356484549393251,-0.16364464657367206,-1.0,-0.13097595909030757,-2.5915269716565525
0.7981761100045315,0.7005589458828856,1.0,0.49814598688246803,-1.0,-0.025599051631196246,1.624232902533037
-0.056348183933382034,-1.0,-0.8152417976440525,-0.21937176862478114,0.14412348348977005,-0.007792743197466784,-2.5291595080057516
-0.3999015476585369,0.09005643238205763,0.18042447129876257,0.6376746740640942,0.47172315206298965,1.0,3.729860876501431
0.9418009883285752,-1.0,0.3427133197215293,0.6102165850948359,-1.0,-0.6416331399727201,9.795601518308022
0.525093205324063,-1.0,1.0,-0.04183399198877502,0.5640327222973252,1.0,-1.7200255498951207
-1.0,-0.9981746676936591,-0.1621463160476433,-1.0,1.0,-0.046547804224939426,1.660899647921123
0.11677951592128566,0.4090466992934353,-1.0,-1.0,1.0,0.3693678692999529,1.8664693978904363
-1.0,-0.15791273847267534,-1.0,-0.3682458417656238,-0.53555426319626,0.7871484337471467,2.0599237664124397
0.05889608454505425,-0.9240116783072423,-0.4002040742095658,-0.6986758487038347,-0.36524412401413,-0.8464859149178091,3.389850610104214
-0.6919253347688755,-0.807884283921277,0.09945953581505304,-0.8196274320018948,0.3371019756625973,-1.0,6.78229134130346
1.0,0.4436723242708152,1.0,1.0,1.0,1.0,-6.896458930213559
-0.6575894368707655,0.5600327884224531,0.2371321344735885,-1.0,0.570967872734696,0.6203079343233098,1.9512974012906659
-0.14526023304707025,-0.33982594570673497,-0.979601886492325,-1.0,-0.6398840093708273,-0.22579783337471415,-0.8663853655876558
0.9000046449819801,0.6950000259180761,0.3983159667582933,0.27542743610644105,1.0,1.0,1.0843146163351554
-0.3533799124655049,-1.0,0.805304626816914,-0.9959617773488544,0.8912620897691369,1.0,-2.947157914135358
0.617913221141431,-0.44605340617221345,-1.0,-0.6268059114744624,0.8837182372729999,-0.1466459209026294,-2.3244262865763945
-0.38575012391036856,-0.8507175377866397,-0.4145021509242022,-0.15311572025434994,-0.7078011188157765,-0.46945045663823703,-0.8503189318088232
0.7068609052502892,-1.0,0.23045382147994956,-0.4543188636678571,-0.03565330452423676,0.13795800929070026,-0.028850141266949514
0.564663696762398,0.3465094812828402,1.0,1.0,-0.022375645816170853,-1.0,0.8664396265757464
0.6439073408306987,1.0,-0.7278805097528906,1.0,0.5941642583902575,1.0,3.5021790872381175
0.7999439910507384,1.0,0.32392827476245556,1.0,0.591787643233756,0.332682661123805,-2.336389642956629
-0.4952471879428216,-0.3865541351329861,1.0,-0.39658110422056736,-0.4688080842164919,-1.0,2.1041511795785364
-0.26107782067301644,-0.2836547886472134,-1.0,-1.0,1.0,1.0,6.505465929481271
-0.1927545420743797,-1.0,1.0,-0.29599056584652633,1.0,1.0,-0.5335418438326485
0.29062122908262844,0.8952956486462822,1.0,0.6138810263832215,-0.9769124725933771,0.470611955146794,-2.265849519085286
1.0,-0.4866831992404327,0.8908601033536385,0.5424331993686601,0.2119323970355652,1.0,-0.7598047730301265
-0.9671293723442468,-0.4498416120489729,-0.49246667285748424,-0.8982845697849616,1.0,-0.10588222071402704,2.4625128023298695
-0.6513621842066716,-0.9855009075697336,-1.0,-0.06985154168495544,0.5012547486608703,1.0,3.8553270035695584
1.0,0.003647485654949323,1.0,0.33101007143655337,-0.49603327173306233,0.6220919198598487,0.8715547010973747
-0.5276236697387313,-0.056703985885575126,-0.16404164779836017,-0.2787330024939022,1.0,-1.0,3.0092194900858464
-0.9441369268631095,-1.0,-0.4055462385717604,-1.0,-0.7961195140307775,1.0,-0.08277278980800054
0.6916160761329427,-1.0,0.5123908298341118,-0.6262966708999697,0.611977877110594,1.0,-1.353708690277563
0.08054011521767872,0.2942848488513623,-0.07730290258263184,1.0,1.0,-0.28143457269992433,0.9351125825002629
1.0,0.1504469673508959,-0.9363767309759473,0.8442154855761038,0.6321402159523055,0.45235220084192884,-3.0279232487570784
-1.0,-1.0,-1.0,-0.6330186811673977,-0.5439372380656455,0.5013887024553451,-4.143924033530936
1.0,1.0,1.0,1.0,1.0,0.319294203114905,-9.51276849916629
0.05289770733267862,-1.0,0.7366386191751291,-0.9286228084842985,0.6037979851931483,1.0,-1.4899289091745165
-1.0,-1.0,-0.9022582930970948,-0.5661840824239133,-0.2732648459411431,-0.05828737181399157,-4.926627176403262
0.9132240013259375,0.3184267970946152,-1.0,-0.9298763273603047,-0.06415939852166469,0.48897586879001276,0.43971116558205775
0.5893225440064727,0.2672126753490225,-0.598416547107726,-0.8258269876791202,-0.5641827669368004,0.042605552981824585,1.1086816305001441
-1.0,-0.41992456570065245,-0.518267974992756,-0.8606594803382058,0.8868008129906357,0.132602955548443,1.830245427676319
-0.42026426407718476,-1.0,-0.3155289814790925,-0.9085069794495367,-0.23460151406355056,0.32994411329591244,-1.3636085495087311
1.0,-0.5803925498845874,-0.5456549241974546,-0.5233272402786644,1.0,0.2273715674484078,-3.433281412121711
-0.28113753302379263,0.4011150747631337,1.0,1.0,0.8039252897806932,1.0,-1.083476443115964
-0.31814598974237407,-0.42014124228128125,-1.0,-0.2551218950077426,0.0353130660241619,0.9863220862448436,5.745586289891166
-0.24717278218508265,-0.4231044650830271,-0.28048572493943014,-0.8353698360182478,1.0,0.3546426975278498,1.6369328533087792
-1.0,-0.9774113495679055,-1.0,-0.7899966174481001,1.0,0.5847268183128214,-5.125268220138611
0.23009728782607375,-0.5918095765154281,-1.0,0.03956075569101214,-1.0,-0.7723636351723931,0.8859479297219387
-0.3702568491873049,-0.08496226205646895,-0.2777828077446878,0.7435031101067537,-0.29644962320349405,0.24907587618400318,0.23888346230128077
-0.27849589921124474,-0.6381861436332511,-0.4778942936440409,-1.0,-0.15850332734444628,0.4045167601373559,-1.9142459515106403
-1.0,-1.0,0.032358684796747084,0.4519936055518621,1.0,0.18071090756220265,2.4571216931994666
-0.47274369743565475,-0.4842215087708103,-0.2483900522259277,0.05800059869432653,-0.5584973842757066,0.8210178183638478,1.4003970693027177
0.19234370642300624,0.1838196612735074,0.7264572642775703,0.08463638787808525,1.0,1.0,1.1225141008047252
0.31477986963258475,-1.0,-0.784887847901264,0.3687144719357409,-0.20276824943369398,-1.0,0.9725526577457004
0.9782547927065735,-0.2687817584834955,0.8987752172408304,1.0,0.2647314089810784,-1.0,0.7373643678877979
0.6601005859356225,0.45354918488452434,-0.8337743079627236,-1.0,0.5006712683058134,1.0,4.202531135839692
0.075565843958977,-0.7513793020767557,0.7170773680809832,0.5483620430909142,0.9126741639860056,1.0,1.0935453219133042
0.4688899203779713,-0.37439180537656463,-0.45274626696090803,0.3867763952479959,-1.0,-0.8532785778609141,3.1972273741934307
0.17353712083545808,-0.19856117753517605,-0.012732178228650803,0.3467479359281389,-0.21943517716628336,0.554902475289922,1.2914204358051475
0.3992876910887946,1.0,1.0,1.0,1.0,0.4807594861360137,-7.372901460705472
-0.2483205852489322,0.4807413870849458,0.3417504197610679,0.08348535511870547,-0.46606329534175317,0.8718643504472701,1.2171272082017266
1.0,1.0,1.0,0.5184918026638303,-1.0,0.4667316526588704,1.925180583441426
-0.30623150131332455,-0.3277686523276857,-0.6857629859244019,-0.892427028070376,1.0,1.0,5.834872404548659
-0.05713995180685971,-0.16259992121514233,-1.0,-1.0,1.0,-0.6460790282818942,-0.18609899150324083
1.0,1.0,0.0395610658385126,0.9219432247883408,-0.2918941172948824,0.5654668159458375,2.627923927722752
0.7304385014076296,0.48861476021875483,-1.0,0.8764712936508567,0.3400692886331692,-1.0,0.20149860662280378
-1.0,-0.020440139968961483,-0.5623912858928377,0.2803896290598426,-0.2632800058682092,0.5535181200161874,-0.0705461583112379
1.0,0.8018228582556977,0.5754920854040454,0.2723889060518627,0.5325823224133235,-0.11281181125040907,-2.215653764791835
1.0,0.5974803067145247,-0.03771360965358848,0.6556958747084367,0.5792422422422878,-0.022580061321010425,-1.4626387492736594
-0.47960318077831304,-0.9278961799088563,-1.0,-0.6728519686078167,0.6034241827760966,0.09837295486627917,-3.93002601852512
-0.8470127707590556,-0.43926469499459075,0.2270901491513192,-0.35990232466048905,-0.12438627011050857,-0.21393396607580695,0.20066950225060406
1.0,1.0,0.658258536243285,-0.39610441627691373,0.3689792465287165,-0.23773049748529407,-2.8072787975781877
-1.0,-1.0,-0.9289349716972859,0.1723459299196456,-1.0,-0.3479358373670053,-5.067868690361848
1.0,-0.3884370749100203,0.5343635743988642,1.0,0.6813813658882462,0.24709445871869873,-1.7055686923440283
0.33122605155194873,1.0,0.8977676891311723,-0.11984919936120159,-0.3593007457605686,-0.3802100770654395,-1.8795339676577405
-1.0,-1.0,-0.7842165799865972,-1.0,0.05766590572367625,-0.18727673050380966,-3.9876648760980125
-1.0,-1.0,0.07275270101970704,-1.0,-1.0,-0.4413157326194348,4.2367814108218855
0.8308094241695172,-0.36995859758782235,-0.46560284600146107,1.0,0.2993164547321433,-0.5751080626694453,-0.4856881378239042
0.6845363999605318,0.8838231823908096,0.35301040606308176,0.2980877674475666,1.0,0.2603137570232168,-2.1080512326891636
-0.7780095805599497,0.48628754804203644,0.5135286186518502,-0.28591577677063984,-1.0,-0.14287235731675774,-2.4750774734128207
-1.0,-1.0,-1.0,-1.0,-0.15917161603840702,-0.7082651187696822,-1.1394620987511161
1.0,1.0,1.0,0.3806979805867676,-0.24110657588319934,0.713751962777479,-2.07117956406538
1.0,0.226848713111526,-0.1264990600564525,0.34475870341222314,0.3837968160811026,-1.0,2.5907732241582706
-1.0,0.007626027289201143,0.8924470455324,0.7135234370529115,0.904239651778936,0.6842001006077671,-0.34857285136100913
0.23104320324535021,-0.6925664531012901,-0.29161387771651803,-0.012557830674684745,-0.008831255976398111,-1.0,3.3642873160336046
1.0,0.44038787558595593,-0.013771036313806273,1.0,0.7486210401087612,-0.7747814922316577,0.3440165068108154
-0.23070386767147633,-1.0,-0.09969067237915419,-1.0,0.9931041755949919,0.020937180402571143,1.4074703315158934
-0.9434090351271271,-1.0,-1.0,-0.3458313275172369,0.9078086981696563,0.11248132828134061,-5.085927161418216
-0.5039828516130275,-0.9531796342961715,-0.8932731372354805,-0.6193414652035439,-0.3100117302524673,-0.06460826293889221,-3.2557015960832967
-1.0,-0.42649429133092776,-0.9910328998167024,-1.0,0.17816846373471557,0.17509431805924808,-2.7333616786168857
0.6205725297746172,1.0,0.5635061726055557,0.4462878970881876,-0.5326788676282538,0.7339418843794403,0.08337585209018877
-1.0,-1.0,-1.0,-1.0,1.0,-0.35351072878753265,-5.242576775137682
1.0,0.4618411619281242,1.0,1.0,1.0,1.0,-6.619764639781478
-0.8432416880280589,-0.8065069178681601,-1.0,-1.0,-1.0,-0.04305419261843957,-1.7629969843906568
0.9298406128169037,0.5703192603018589,1.0,-0.04105146094127754,0.6751947656845712,0.2659018975853604,-2.9654589511986864
-1.0,-0.4558071806206304,-0.9351769662981655,-0.5783001317093572,-0.520991934503777,0.1965752052863634,-2.6134144414699327
0.29303376886037635,-1.0,-0.4774743822670555,-1.0,-0.7514706746470678,-1.0,8.353315481662186
-0.8623982715095755,0.7736475160749483,-0.12353876221231791,-1.0,0.1252132427941559,0.8051363139158629,1.8536118501579684
0.836264575578824,0.5371258812725312,-0.24184817352815613,-0.7181402376577894,-1.0,-0.7225951380790148,3.738059013269978
1.0,1.0,0.9725274847397802,1.0,1.0,0.21757895570179359,-7.966443601349248
0.47216886166196015,0.5231199826825921,0.11953972054631978,-0.05685669046006733,-0.48504500978414256,0.9281915773557378,3.3807009521875035
-0.3385520793093807,-0.15437970596292083,-0.6631645297041988,-1.0,0.5619968042298499,1.0,4.050656887937387
1.0,1.0,-0.4472843265175439,0.14256568089472843,1.0,1.0,3.1883190468065368
0.7602590182715854,0.34356792978918516,1.0,0.7761746330994861,-1.0,0.7818182166100104,1.0094838641271833
-0.548624306010873,-1.0,-0.07072643565731135,-0.08516158313168931,-1.0,1.0,1.137168492423107
1.0,0.7459600277998313,0.5695292057843254,-0.02906421539862525,-1.0,0.02626194797512213,1.9459063073642873
-0.484665308529312,-0.4594850781491364,0.09190830199900846,-1.0,-1.0,-1.0,4.28683417070215
1.0,0.3460546543209031,0.07302320271181595,0.6351482381819678,-0.14787614046250064,-0.8351784876979451,3.923271148091984
